Workbook

Sheet 3月
C2: SuccessHolders 勤務報告書 | M2: (西暦) | O2: 2023 | Q2: 年 | R2: ='2月'!R2+1 -> 3 | S2: 月分 | X2: ≪入力方法について≫
C3: 社員1 | Q3: 勤務日数： | S3: =COUNTA(E20:E50)&"日" -> 0日 | X3: ・太枠内の記載をお願いします。
C4: 派遣先企業名 | N4: 派遣先事業所名 | Y4: 業務内容等は必要があれば記載をお願いします。「入力例」タブをご確認ください。
C5: 派遣先住所
C6: 就業部署名 | N6: 連絡先 | X6: ・休憩時間が複数ある場合
C7: 業務に伴う責任の程度 | F7: (業務内容) | N7: 役職名 | R7: 部下 人数 | Y7: 休憩1-4に休憩時間を入力してください。
C8: 実際の就業場所 | M8: 勤怠パターン | O8: 勤務時間 | R8: 休憩時間 | T8: 規定時間 | Y8: 休憩1-4の、合計時間をJ列の「休憩時間」に直接入力してください。
P9: ～ | T9: =Q9-O9-R9 -> 0 | Y9: G列とI列の入力は不要です。
P10: ～ | T10: =Q10-O10-R10 -> 0
P11: ～ | T11: =Q11-O11-R11 -> 0 | X11: ・深夜時間の勤務の場合、時間は下記のように退勤時刻（例 34：00）の記載をお願いします。
P12: ～ | T12: =Q12-O12-R12 -> 0 | Y12: 例：18：00～翌日10：00の場合
P13: ～ | T13: =Q13-O13-R13 -> 0 | Z13: 出勤時刻（18：00） 退勤時刻（34：00）
B14: 氏名 | C14: 氏名 | O14: フレックスタイム制 | Z14: 18時＋6時間（18時～24時合計）+10時間（0時～10時合計）＝34時間
O15: 変形労働時間制
Y16: 休憩時間が1時間以外で複数ある場合は、J列の計算式を削除して休憩時間を直接入力してください↓
C17: 例 | E17: 0.375 | F17: 0.76041667 | G17: 0.5 | I17: 0.54166667 | X17: 例 | Y17: 0.5 | Z17: 0.54166667 | AA17: 0.71875 | AB17: 0.72916667 | AC17: 0.77083333 | AD17: 0.79166667 | AE17: 0.89583333 | AF17: 0.91666667
Y18: 休憩1 | AA18: 休憩2 | AC18: 休憩3 | AE18: 休憩4
A19: 祝日判定 | C19: 月 日 | D19: 曜 日 | E19: 出勤 時刻 | F19: 退勤 時刻 | G19: 休憩 時刻 | J19: 休憩 時間 | K19: 所定 時間 | L19: 法定外 残業 | M19: 深夜 時間 | N19: 不就労 | O19: 業務内容・作業進捗状況・その他 | T19: 出勤時刻(KOT) | U19: 退勤時刻 (KOT) | V19: 所定時間 (KOT) | W19: 所定時間 (調整) | Y19: 開始 | Z19: 終了 | AA19: 開始 | AB19: 終了 | AC19: 開始 | AD19: 終了 | AE19: 開始 | AF19: 終了 | AG19: 休憩時間
A20: =IF(COUNTIFS(祝日参照用!A:A,C20)=1,1,IF(D20="土",1,IF(D20="日",1,0))) -> 0 | C20: =IFERROR(DATE(O2,R2,1),"") -> 44986 | D20: =TEXT(C20,"aaa") -> 水 | H20: ～ | J20: =IFERROR(IF(G20="",0,I20-G20),"") -> 0 | K20: =IFERROR(IF(E20="",0,F20-E20-J20),"") -> 0 | L20: =IF(E20="",0,IF($A20=1,$K20,IF($C20="",0,IF($K20-$T$9<0,0,$K20-$T$9)))) -> 0 | T20: =E20 -> 0 | U20: =F20 -> 0 | V20: =IFERROR(IF(T20="",0,U20-T20-J20),"") -> 0 | W20: =IFERROR(FLOOR(K20,TIME(0,VLOOKUP($C$3,#REF!,22,0),0)),"") | AG20: =(Z20-Y20)+(AB20-AA20)+(AD20-AC20)+(AF20-AE20) -> 0
A21: =IF(COUNTIFS(祝日参照用!A:A,C21)=1,1,IF(D21="土",1,IF(D21="日",1,0))) -> 0 | C21: =IF(C20="","",IF(DAY(C20+1)=1,"",C20+1)) -> 44987 | D21: =TEXT(C21,"aaa") -> 木 | H21: ～ | J21: =IFERROR(IF(G21="",0,I21-G21),"") -> 0 | K21: =IFERROR(IF(E21="",0,F21-E21-J21),"") -> 0 | L21: =IF(E21="",0,IF($A21=1,$K21,IF($C21="",0,IF($K21-$T$9<0,0,$K21-$T$9)))) -> 0 | T21: =E21 -> 0 | U21: =F21 -> 0 | V21: =IFERROR(IF(T21="",0,U21-T21-J21),"") -> 0 | W21: =IFERROR(FLOOR(K21,TIME(0,VLOOKUP($C$3,#REF!,22,0),0)),"") | AG21: =(Z21-Y21)+(AB21-AA21)+(AD21-AC21)+(AF21-AE21) -> 0
A22: =IF(COUNTIFS(祝日参照用!A:A,C22)=1,1,IF(D22="土",1,IF(D22="日",1,0))) -> 0 | C22: =IF(C21="","",IF(DAY(C21+1)=1,"",C21+1)) -> 44988 | D22: =TEXT(C22,"aaa") -> 金 | H22: ～ | J22: =IFERROR(IF(G22="",0,I22-G22),"") -> 0 | K22: =IFERROR(IF(E22="",0,F22-E22-J22),"") -> 0 | L22: =IF(E22="",0,IF($A22=1,$K22,IF($C22="",0,IF($K22-$T$9<0,0,$K22-$T$9)))) -> 0 | T22: =E22 -> 0 | U22: =F22 -> 0 | V22: =IFERROR(IF(T22="",0,U22-T22-J22),"") -> 0 | W22: =IFERROR(FLOOR(K22,TIME(0,VLOOKUP($C$3,#REF!,22,0),0)),"") | AG22: =(Z22-Y22)+(AB22-AA22)+(AD22-AC22)+(AF22-AE22) -> 0
A23: =IF(COUNTIFS(祝日参照用!A:A,C23)=1,1,IF(D23="土",1,IF(D23="日",1,0))) -> 1 | C23: =IF(C22="","",IF(DAY(C22+1)=1,"",C22+1)) -> 44989 | D23: =TEXT(C23,"aaa") -> 土 | H23: ～ | J23: =IFERROR(IF(G23="",0,I23-G23),"") -> 0 | K23: =IFERROR(IF(E23="",0,F23-E23-J23),"") -> 0 | L23: =IF(E23="",0,IF($A23=1,$K23,IF($C23="",0,IF($K23-$T$9<0,0,$K23-$T$9)))) -> 0 | T23: =E23 -> 0 | U23: =F23 -> 0 | V23: =IFERROR(IF(T23="",0,U23-T23-J23),"") -> 0 | W23: =IFERROR(FLOOR(K23,TIME(0,VLOOKUP($C$3,#REF!,22,0),0)),"") | AG23: =(Z23-Y23)+(AB23-AA23)+(AD23-AC23)+(AF23-AE23) -> 0
A24: =IF(COUNTIFS(祝日参照用!A:A,C24)=1,1,IF(D24="土",1,IF(D24="日",1,0))) -> 1 | C24: =IF(C23="","",IF(DAY(C23+1)=1,"",C23+1)) -> 44990 | D24: =TEXT(C24,"aaa") -> 日 | H24: ～ | J24: =IFERROR(IF(G24="",0,I24-G24),"") -> 0 | K24: =IFERROR(IF(E24="",0,F24-E24-J24),"") -> 0 | L24: =IF(E24="",0,IF($A24=1,$K24,IF($C24="",0,IF($K24-$T$9<0,0,$K24-$T$9)))) -> 0 | T24: =E24 -> 0 | U24: =F24 -> 0 | V24: =IFERROR(IF(T24="",0,U24-T24-J24),"") -> 0 | W24: =IFERROR(FLOOR(K24,TIME(0,VLOOKUP($C$3,#REF!,22,0),0)),"") | AG24: =(Z24-Y24)+(AB24-AA24)+(AD24-AC24)+(AF24-AE24) -> 0
A25: =IF(COUNTIFS(祝日参照用!A:A,C25)=1,1,IF(D25="土",1,IF(D25="日",1,0))) -> 0 | C25: =IF(C24="","",IF(DAY(C24+1)=1,"",C24+1)) -> 44991 | D25: =TEXT(C25,"aaa") -> 月 | H25: ～ | J25: =IFERROR(IF(G25="",0,I25-G25),"") -> 0 | K25: =IFERROR(IF(E25="",0,F25-E25-J25),"") -> 0 | L25: =IF(E25="",0,IF($A25=1,$K25,IF($C25="",0,IF($K25-$T$9<0,0,$K25-$T$9)))) -> 0 | T25: =E25 -> 0 | U25: =F25 -> 0 | V25: =IFERROR(IF(T25="",0,U25-T25-J25),"") -> 0 | W25: =IFERROR(FLOOR(K25,TIME(0,VLOOKUP($C$3,#REF!,22,0),0)),"") | AG25: =(Z25-Y25)+(AB25-AA25)+(AD25-AC25)+(AF25-AE25) -> 0
A26: =IF(COUNTIFS(祝日参照用!A:A,C26)=1,1,IF(D26="土",1,IF(D26="日",1,0))) -> 0 | C26: =IF(C25="","",IF(DAY(C25+1)=1,"",C25+1)) -> 44992 | D26: =TEXT(C26,"aaa") -> 火 | H26: ～ | J26: =IFERROR(IF(G26="",0,I26-G26),"") -> 0 | K26: =IFERROR(IF(E26="",0,F26-E26-J26),"") -> 0 | L26: =IF(E26="",0,IF($A26=1,$K26,IF($C26="",0,IF($K26-$T$9<0,0,$K26-$T$9)))) -> 0 | T26: =E26 -> 0 | U26: =F26 -> 0 | V26: =IFERROR(IF(T26="",0,U26-T26-J26),"") -> 0 | W26: =IFERROR(FLOOR(K26,TIME(0,VLOOKUP($C$3,#REF!,22,0),0)),"") | AG26: =(Z26-Y26)+(AB26-AA26)+(AD26-AC26)+(AF26-AE26) -> 0
A27: =IF(COUNTIFS(祝日参照用!A:A,C27)=1,1,IF(D27="土",1,IF(D27="日",1,0))) -> 0 | C27: =IF(C26="","",IF(DAY(C26+1)=1,"",C26+1)) -> 44993 | D27: =TEXT(C27,"aaa") -> 水 | H27: ～ | J27: =IFERROR(IF(G27="",0,I27-G27),"") -> 0 | K27: =IFERROR(IF(E27="",0,F27-E27-J27),"") -> 0 | L27: =IF(E27="",0,IF($A27=1,$K27,IF($C27="",0,IF($K27-$T$9<0,0,$K27-$T$9)))) -> 0 | T27: =E27 -> 0 | U27: =F27 -> 0 | V27: =IFERROR(IF(T27="",0,U27-T27-J27),"") -> 0 | W27: =IFERROR(FLOOR(K27,TIME(0,VLOOKUP($C$3,#REF!,22,0),0)),"") | AG27: =(Z27-Y27)+(AB27-AA27)+(AD27-AC27)+(AF27-AE27) -> 0
A28: =IF(COUNTIFS(祝日参照用!A:A,C28)=1,1,IF(D28="土",1,IF(D28="日",1,0))) -> 0 | C28: =IF(C27="","",IF(DAY(C27+1)=1,"",C27+1)) -> 44994 | D28: =TEXT(C28,"aaa") -> 木 | H28: ～ | J28: =IFERROR(IF(G28="",0,I28-G28),"") -> 0 | K28: =IFERROR(IF(E28="",0,F28-E28-J28),"") -> 0 | L28: =IF(E28="",0,IF($A28=1,$K28,IF($C28="",0,IF($K28-$T$9<0,0,$K28-$T$9)))) -> 0 | T28: =E28 -> 0 | U28: =F28 -> 0 | V28: =IFERROR(IF(T28="",0,U28-T28-J28),"") -> 0 | W28: =IFERROR(FLOOR(K28,TIME(0,VLOOKUP($C$3,#REF!,22,0),0)),"") | AG28: =(Z28-Y28)+(AB28-AA28)+(AD28-AC28)+(AF28-AE28) -> 0
A29: =IF(COUNTIFS(祝日参照用!A:A,C29)=1,1,IF(D29="土",1,IF(D29="日",1,0))) -> 0 | C29: =IF(C28="","",IF(DAY(C28+1)=1,"",C28+1)) -> 44995 | D29: =TEXT(C29,"aaa") -> 金 | H29: ～ | J29: =IFERROR(IF(G29="",0,I29-G29),"") -> 0 | K29: =IFERROR(IF(E29="",0,F29-E29-J29),"") -> 0 | L29: =IF(E29="",0,IF($A29=1,$K29,IF($C29="",0,IF($K29-$T$9<0,0,$K29-$T$9)))) -> 0 | T29: =E29 -> 0 | U29: =F29 -> 0 | V29: =IFERROR(IF(T29="",0,U29-T29-J29),"") -> 0 | W29: =IFERROR(FLOOR(K29,TIME(0,VLOOKUP($C$3,#REF!,22,0),0)),"") | AG29: =(Z29-Y29)+(AB29-AA29)+(AD29-AC29)+(AF29-AE29) -> 0
A30: =IF(COUNTIFS(祝日参照用!A:A,C30)=1,1,IF(D30="土",1,IF(D30="日",1,0))) -> 1 | C30: =IF(C29="","",IF(DAY(C29+1)=1,"",C29+1)) -> 44996 | D30: =TEXT(C30,"aaa") -> 土 | H30: ～ | J30: =IFERROR(IF(G30="",0,I30-G30),"") -> 0 | K30: =IFERROR(IF(E30="",0,F30-E30-J30),"") -> 0 | L30: =IF(E30="",0,IF($A30=1,$K30,IF($C30="",0,IF($K30-$T$9<0,0,$K30-$T$9)))) -> 0 | T30: =E30 -> 0 | U30: =F30 -> 0 | V30: =IFERROR(IF(T30="",0,U30-T30-J30),"") -> 0 | W30: =IFERROR(FLOOR(K30,TIME(0,VLOOKUP($C$3,#REF!,22,0),0)),"") | AG30: =(Z30-Y30)+(AB30-AA30)+(AD30-AC30)+(AF30-AE30) -> 0
A31: =IF(COUNTIFS(祝日参照用!A:A,C31)=1,1,IF(D31="土",1,IF(D31="日",1,0))) -> 1 | C31: =IF(C30="","",IF(DAY(C30+1)=1,"",C30+1)) -> 44997 | D31: =TEXT(C31,"aaa") -> 日 | H31: ～ | J31: =IFERROR(IF(G31="",0,I31-G31),"") -> 0 | K31: =IFERROR(IF(E31="",0,F31-E31-J31),"") -> 0 | L31: =IF(E31="",0,IF($A31=1,$K31,IF($C31="",0,IF($K31-$T$9<0,0,$K31-$T$9)))) -> 0 | T31: =E31 -> 0 | U31: =F31 -> 0 | V31: =IFERROR(IF(T31="",0,U31-T31-J31),"") -> 0 | W31: =IFERROR(FLOOR(K31,TIME(0,VLOOKUP($C$3,#REF!,22,0),0)),"") | AG31: =(Z31-Y31)+(AB31-AA31)+(AD31-AC31)+(AF31-AE31) -> 0
A32: =IF(COUNTIFS(祝日参照用!A:A,C32)=1,1,IF(D32="土",1,IF(D32="日",1,0))) -> 0 | C32: =IF(C31="","",IF(DAY(C31+1)=1,"",C31+1)) -> 44998 | D32: =TEXT(C32,"aaa") -> 月 | H32: ～ | J32: =IFERROR(IF(G32="",0,I32-G32),"") -> 0 | K32: =IFERROR(IF(E32="",0,F32-E32-J32),"") -> 0 | L32: =IF(E32="",0,IF($A32=1,$K32,IF($C32="",0,IF($K32-$T$9<0,0,$K32-$T$9)))) -> 0 | T32: =E32 -> 0 | U32: =F32 -> 0 | V32: =IFERROR(IF(T32="",0,U32-T32-J32),"") -> 0 | W32: =IFERROR(FLOOR(K32,TIME(0,VLOOKUP($C$3,#REF!,22,0),0)),"") | AG32: =(Z32-Y32)+(AB32-AA32)+(AD32-AC32)+(AF32-AE32) -> 0
... A50: =IF(COUNTIFS(祝日参照用!A:A,C50)=1,1,IF(D50="土",1,IF(D50="日",1,0))) -> 0 | C50: =IF(C49="","",IF(DAY(C49+1)=1,"",C49+1)) -> 45016 | D50: =TEXT(C50,"aaa") -> 金 | H50: ～ | J50: =IFERROR(IF(G50="",0,I50-G50),"") -> 0 | K50: =IFERROR(IF(E50="",0,F50-E50-J50),"") -> 0 | L50: =IF(E50="",0,IF($A50=1,$K50,IF($C50="",0,IF($K50-$T$9<0,0,$K50-$T$9)))) -> 0 | T50: =E50 -> 0 | U50: =F50 -> 0 | V50: =IFERROR(IF(T50="",0,U50-T50-J50),"") -> 0 | W50: =IFERROR(FLOOR(K50,TIME(0,VLOOKUP($C$3,#REF!,22,0),0)),"") | AG50: =(Z50-Y50)+(AB50-AA50)+(AD50-AC50)+(AF50-AE50) -> 0
J51: =SUM(J20:J50) -> 0 | K51: =SUM(K20:K50) -> 0 | L51: =SUM(L20:L50) -> 0 | M51: =SUM(M20:M50) -> 0 | N51: =SUM(N20:N50) -> 0 | V51: =SUM(V20:V50) -> 0 | W51: =SUM(W20:W50) -> 0

Sheet 2月
C2: SuccessHolders 勤務報告書 | M2: (西暦) | O2: 2023 | Q2: 年 | R2: ='1月'!R2+1 -> 2 | S2: 月分 | X2: ≪入力方法について≫
C3: 社員1 | Q3: 勤務日数： | S3: =COUNTA(E20:E50)&"日" -> 0日 | X3: ・太枠内の記載をお願いします。
C4: 派遣先企業名 | N4: 派遣先事業所名 | Y4: 業務内容等は必要があれば記載をお願いします。「入力例」タブをご確認ください。
C5: 派遣先住所
C6: 就業部署名 | N6: 連絡先 | X6: ・休憩時間が複数ある場合
C7: 業務に伴う責任の程度 | F7: (業務内容) | N7: 役職名 | R7: 部下 人数 | Y7: 休憩1-4に休憩時間を入力してください。
C8: 実際の就業場所 | M8: 勤怠パターン | O8: 勤務時間 | R8: 休憩時間 | T8: 規定時間 | Y8: 休憩1-4の、合計時間をJ列の「休憩時間」に直接入力してください。
P9: ～ | T9: =Q9-O9-R9 -> 0 | Y9: G列とI列の入力は不要です。
P10: ～ | T10: =Q10-O10-R10 -> 0
P11: ～ | T11: =Q11-O11-R11 -> 0 | X11: ・深夜時間の勤務の場合、時間は下記のように退勤時刻（例 34：00）の記載をお願いします。
P12: ～ | T12: =Q12-O12-R12 -> 0 | Y12: 例：18：00～翌日10：00の場合
P13: ～ | T13: =Q13-O13-R13 -> 0 | Z13: 出勤時刻（18：00） 退勤時刻（34：00）
B14: 氏名 | C14: 氏名 | O14: フレックスタイム制 | Z14: 18時＋6時間（18時～24時合計）+10時間（0時～10時合計）＝34時間
O15: 変形労働時間制
Y16: 休憩時間が1時間以外で複数ある場合は、J列の計算式を削除して休憩時間を直接入力してください↓
C17: 例 | E17: 0.375 | F17: 0.76041667 | G17: 0.5 | I17: 0.54166667 | X17: 例 | Y17: 0.5 | Z17: 0.54166667 | AA17: 0.71875 | AB17: 0.72916667 | AC17: 0.77083333 | AD17: 0.79166667 | AE17: 0.89583333 | AF17: 0.91666667
Y18: 休憩1 | AA18: 休憩2 | AC18: 休憩3 | AE18: 休憩4
A19: 祝日判定 | C19: 月 日 | D19: 曜 日 | E19: 出勤 時刻 | F19: 退勤 時刻 | G19: 休憩 時刻 | J19: 休憩 時間 | K19: 所定 時間 | L19: 法定外 残業 | M19: 深夜 時間 | N19: 不就労 | O19: 業務内容・作業進捗状況・その他 | T19: 出勤時刻(KOT) | U19: 退勤時刻 (KOT) | V19: 所定時間 (KOT) | W19: 所定時間 (調整) | Y19: 開始 | Z19: 終了 | AA19: 開始 | AB19: 終了 | AC19: 開始 | AD19: 終了 | AE19: 開始 | AF19: 終了 | AG19: 休憩時間
A20: =IF(COUNTIFS(祝日参照用!A:A,C20)=1,1,IF(D20="土",1,IF(D20="日",1,0))) -> 0 | C20: =IFERROR(DATE(O2,R2,1),"") -> 44958 | D20: =TEXT(C20,"aaa") -> 水 | H20: ～ | J20: =IFERROR(IF(G20="",0,I20-G20),"") -> 0 | K20: =IFERROR(IF(E20="",0,F20-E20-J20),"") -> 0 | L20: =IF(E20="",0,IF($A20=1,$K20,IF($C20="",0,IF($K20-$T$9<0,0,$K20-$T$9)))) -> 0 | T20: =E20 -> 0 | U20: =F20 -> 0 | V20: =IFERROR(IF(T20="",0,U20-T20-J20),"") -> 0 | W20: =IFERROR(FLOOR(K20,TIME(0,VLOOKUP($C$3,#REF!,22,0),0)),"") | AG20: =(Z20-Y20)+(AB20-AA20)+(AD20-AC20)+(AF20-AE20) -> 0
A21: =IF(COUNTIFS(祝日参照用!A:A,C21)=1,1,IF(D21="土",1,IF(D21="日",1,0))) -> 0 | C21: =IF(C20="","",IF(DAY(C20+1)=1,"",C20+1)) -> 44959 | D21: =TEXT(C21,"aaa") -> 木 | H21: ～ | J21: =IFERROR(IF(G21="",0,I21-G21),"") -> 0 | K21: =IFERROR(IF(E21="",0,F21-E21-J21),"") -> 0 | L21: =IF(E21="",0,IF($A21=1,$K21,IF($C21="",0,IF($K21-$T$9<0,0,$K21-$T$9)))) -> 0 | T21: =E21 -> 0 | U21: =F21 -> 0 | V21: =IFERROR(IF(T21="",0,U21-T21-J21),"") -> 0 | W21: =IFERROR(FLOOR(K21,TIME(0,VLOOKUP($C$3,#REF!,22,0),0)),"") | AG21: =(Z21-Y21)+(AB21-AA21)+(AD21-AC21)+(AF21-AE21) -> 0
A22: =IF(COUNTIFS(祝日参照用!A:A,C22)=1,1,IF(D22="土",1,IF(D22="日",1,0))) -> 0 | C22: =IF(C21="","",IF(DAY(C21+1)=1,"",C21+1)) -> 44960 | D22: =TEXT(C22,"aaa") -> 金 | H22: ～ | J22: =IFERROR(IF(G22="",0,I22-G22),"") -> 0 | K22: =IFERROR(IF(E22="",0,F22-E22-J22),"") -> 0 | L22: =IF(E22="",0,IF($A22=1,$K22,IF($C22="",0,IF($K22-$T$9<0,0,$K22-$T$9)))) -> 0 | T22: =E22 -> 0 | U22: =F22 -> 0 | V22: =IFERROR(IF(T22="",0,U22-T22-J22),"") -> 0 | W22: =IFERROR(FLOOR(K22,TIME(0,VLOOKUP($C$3,#REF!,22,0),0)),"") | AG22: =(Z22-Y22)+(AB22-AA22)+(AD22-AC22)+(AF22-AE22) -> 0
A23: =IF(COUNTIFS(祝日参照用!A:A,C23)=1,1,IF(D23="土",1,IF(D23="日",1,0))) -> 1 | C23: =IF(C22="","",IF(DAY(C22+1)=1,"",C22+1)) -> 44961 | D23: =TEXT(C23,"aaa") -> 土 | H23: ～ | J23: =IFERROR(IF(G23="",0,I23-G23),"") -> 0 | K23: =IFERROR(IF(E23="",0,F23-E23-J23),"") -> 0 | L23: =IF(E23="",0,IF($A23=1,$K23,IF($C23="",0,IF($K23-$T$9<0,0,$K23-$T$9)))) -> 0 | T23: =E23 -> 0 | U23: =F23 -> 0 | V23: =IFERROR(IF(T23="",0,U23-T23-J23),"") -> 0 | W23: =IFERROR(FLOOR(K23,TIME(0,VLOOKUP($C$3,#REF!,22,0),0)),"") | AG23: =(Z23-Y23)+(AB23-AA23)+(AD23-AC23)+(AF23-AE23) -> 0
A24: =IF(COUNTIFS(祝日参照用!A:A,C24)=1,1,IF(D24="土",1,IF(D24="日",1,0))) -> 1 | C24: =IF(C23="","",IF(DAY(C23+1)=1,"",C23+1)) -> 44962 | D24: =TEXT(C24,"aaa") -> 日 | H24: ～ | J24: =IFERROR(IF(G24="",0,I24-G24),"") -> 0 | K24: =IFERROR(IF(E24="",0,F24-E24-J24),"") -> 0 | L24: =IF(E24="",0,IF($A24=1,$K24,IF($C24="",0,IF($K24-$T$9<0,0,$K24-$T$9)))) -> 0 | T24: =E24 -> 0 | U24: =F24 -> 0 | V24: =IFERROR(IF(T24="",0,U24-T24-J24),"") -> 0 | W24: =IFERROR(FLOOR(K24,TIME(0,VLOOKUP($C$3,#REF!,22,0),0)),"") | AG24: =(Z24-Y24)+(AB24-AA24)+(AD24-AC24)+(AF24-AE24) -> 0
A25: =IF(COUNTIFS(祝日参照用!A:A,C25)=1,1,IF(D25="土",1,IF(D25="日",1,0))) -> 0 | C25: =IF(C24="","",IF(DAY(C24+1)=1,"",C24+1)) -> 44963 | D25: =TEXT(C25,"aaa") -> 月 | H25: ～ | J25: =IFERROR(IF(G25="",0,I25-G25),"") -> 0 | K25: =IFERROR(IF(E25="",0,F25-E25-J25),"") -> 0 | L25: =IF(E25="",0,IF($A25=1,$K25,IF($C25="",0,IF($K25-$T$9<0,0,$K25-$T$9)))) -> 0 | T25: =E25 -> 0 | U25: =F25 -> 0 | V25: =IFERROR(IF(T25="",0,U25-T25-J25),"") -> 0 | W25: =IFERROR(FLOOR(K25,TIME(0,VLOOKUP($C$3,#REF!,22,0),0)),"") | AG25: =(Z25-Y25)+(AB25-AA25)+(AD25-AC25)+(AF25-AE25) -> 0
A26: =IF(COUNTIFS(祝日参照用!A:A,C26)=1,1,IF(D26="土",1,IF(D26="日",1,0))) -> 0 | C26: =IF(C25="","",IF(DAY(C25+1)=1,"",C25+1)) -> 44964 | D26: =TEXT(C26,"aaa") -> 火 | H26: ～ | J26: =IFERROR(IF(G26="",0,I26-G26),"") -> 0 | K26: =IFERROR(IF(E26="",0,F26-E26-J26),"") -> 0 | L26: =IF(E26="",0,IF($A26=1,$K26,IF($C26="",0,IF($K26-$T$9<0,0,$K26-$T$9)))) -> 0 | T26: =E26 -> 0 | U26: =F26 -> 0 | V26: =IFERROR(IF(T26="",0,U26-T26-J26),"") -> 0 | W26: =IFERROR(FLOOR(K26,TIME(0,VLOOKUP($C$3,#REF!,22,0),0)),"") | AG26: =(Z26-Y26)+(AB26-AA26)+(AD26-AC26)+(AF26-AE26) -> 0
A27: =IF(COUNTIFS(祝日参照用!A:A,C27)=1,1,IF(D27="土",1,IF(D27="日",1,0))) -> 0 | C27: =IF(C26="","",IF(DAY(C26+1)=1,"",C26+1)) -> 44965 | D27: =TEXT(C27,"aaa") -> 水 | H27: ～ | J27: =IFERROR(IF(G27="",0,I27-G27),"") -> 0 | K27: =IFERROR(IF(E27="",0,F27-E27-J27),"") -> 0 | L27: =IF(E27="",0,IF($A27=1,$K27,IF($C27="",0,IF($K27-$T$9<0,0,$K27-$T$9)))) -> 0 | T27: =E27 -> 0 | U27: =F27 -> 0 | V27: =IFERROR(IF(T27="",0,U27-T27-J27),"") -> 0 | W27: =IFERROR(FLOOR(K27,TIME(0,VLOOKUP($C$3,#REF!,22,0),0)),"") | AG27: =(Z27-Y27)+(AB27-AA27)+(AD27-AC27)+(AF27-AE27) -> 0
A28: =IF(COUNTIFS(祝日参照用!A:A,C28)=1,1,IF(D28="土",1,IF(D28="日",1,0))) -> 0 | C28: =IF(C27="","",IF(DAY(C27+1)=1,"",C27+1)) -> 44966 | D28: =TEXT(C28,"aaa") -> 木 | H28: ～ | J28: =IFERROR(IF(G28="",0,I28-G28),"") -> 0 | K28: =IFERROR(IF(E28="",0,F28-E28-J28),"") -> 0 | L28: =IF(E28="",0,IF($A28=1,$K28,IF($C28="",0,IF($K28-$T$9<0,0,$K28-$T$9)))) -> 0 | T28: =E28 -> 0 | U28: =F28 -> 0 | V28: =IFERROR(IF(T28="",0,U28-T28-J28),"") -> 0 | W28: =IFERROR(FLOOR(K28,TIME(0,VLOOKUP($C$3,#REF!,22,0),0)),"") | AG28: =(Z28-Y28)+(AB28-AA28)+(AD28-AC28)+(AF28-AE28) -> 0
A29: =IF(COUNTIFS(祝日参照用!A:A,C29)=1,1,IF(D29="土",1,IF(D29="日",1,0))) -> 0 | C29: =IF(C28="","",IF(DAY(C28+1)=1,"",C28+1)) -> 44967 | D29: =TEXT(C29,"aaa") -> 金 | H29: ～ | J29: =IFERROR(IF(G29="",0,I29-G29),"") -> 0 | K29: =IFERROR(IF(E29="",0,F29-E29-J29),"") -> 0 | L29: =IF(E29="",0,IF($A29=1,$K29,IF($C29="",0,IF($K29-$T$9<0,0,$K29-$T$9)))) -> 0 | T29: =E29 -> 0 | U29: =F29 -> 0 | V29: =IFERROR(IF(T29="",0,U29-T29-J29),"") -> 0 | W29: =IFERROR(FLOOR(K29,TIME(0,VLOOKUP($C$3,#REF!,22,0),0)),"") | AG29: =(Z29-Y29)+(AB29-AA29)+(AD29-AC29)+(AF29-AE29) -> 0
A30: =IF(COUNTIFS(祝日参照用!A:A,C30)=1,1,IF(D30="土",1,IF(D30="日",1,0))) -> 1 | C30: =IF(C29="","",IF(DAY(C29+1)=1,"",C29+1)) -> 44968 | D30: =TEXT(C30,"aaa") -> 土 | H30: ～ | J30: =IFERROR(IF(G30="",0,I30-G30),"") -> 0 | K30: =IFERROR(IF(E30="",0,F30-E30-J30),"") -> 0 | L30: =IF(E30="",0,IF($A30=1,$K30,IF($C30="",0,IF($K30-$T$9<0,0,$K30-$T$9)))) -> 0 | T30: =E30 -> 0 | U30: =F30 -> 0 | V30: =IFERROR(IF(T30="",0,U30-T30-J30),"") -> 0 | W30: =IFERROR(FLOOR(K30,TIME(0,VLOOKUP($C$3,#REF!,22,0),0)),"") | AG30: =(Z30-Y30)+(AB30-AA30)+(AD30-AC30)+(AF30-AE30) -> 0
A31: =IF(COUNTIFS(祝日参照用!A:A,C31)=1,1,IF(D31="土",1,IF(D31="日",1,0))) -> 1 | C31: =IF(C30="","",IF(DAY(C30+1)=1,"",C30+1)) -> 44969 | D31: =TEXT(C31,"aaa") -> 日 | H31: ～ | J31: =IFERROR(IF(G31="",0,I31-G31),"") -> 0 | K31: =IFERROR(IF(E31="",0,F31-E31-J31),"") -> 0 | L31: =IF(E31="",0,IF($A31=1,$K31,IF($C31="",0,IF($K31-$T$9<0,0,$K31-$T$9)))) -> 0 | T31: =E31 -> 0 | U31: =F31 -> 0 | V31: =IFERROR(IF(T31="",0,U31-T31-J31),"") -> 0 | W31: =IFERROR(FLOOR(K31,TIME(0,VLOOKUP($C$3,#REF!,22,0),0)),"") | AG31: =(Z31-Y31)+(AB31-AA31)+(AD31-AC31)+(AF31-AE31) -> 0
A32: =IF(COUNTIFS(祝日参照用!A:A,C32)=1,1,IF(D32="土",1,IF(D32="日",1,0))) -> 0 | C32: =IF(C31="","",IF(DAY(C31+1)=1,"",C31+1)) -> 44970 | D32: =TEXT(C32,"aaa") -> 月 | H32: ～ | J32: =IFERROR(IF(G32="",0,I32-G32),"") -> 0 | K32: =IFERROR(IF(E32="",0,F32-E32-J32),"") -> 0 | L32: =IF(E32="",0,IF($A32=1,$K32,IF($C32="",0,IF($K32-$T$9<0,0,$K32-$T$9)))) -> 0 | T32: =E32 -> 0 | U32: =F32 -> 0 | V32: =IFERROR(IF(T32="",0,U32-T32-J32),"") -> 0 | W32: =IFERROR(FLOOR(K32,TIME(0,VLOOKUP($C$3,#REF!,22,0),0)),"") | AG32: =(Z32-Y32)+(AB32-AA32)+(AD32-AC32)+(AF32-AE32) -> 0
... A50: =IF(COUNTIFS(祝日参照用!A:A,C50)=1,1,IF(D50="土",1,IF(D50="日",1,0))) -> 0 | C50: =IF(C49="","",IF(DAY(C49+1)=1,"",C49+1)) | D50: =TEXT(C50,"aaa") | H50: ～ | J50: =IFERROR(IF(G50="",0,I50-G50),"") -> 0 | K50: =IFERROR(IF(E50="",0,F50-E50-J50),"") -> 0 | L50: =IF(E50="",0,IF($A50=1,$K50,IF($C50="",0,IF($K50-$T$9<0,0,$K50-$T$9)))) -> 0 | T50: =E50 -> 0 | U50: =F50 -> 0 | V50: =IFERROR(IF(T50="",0,U50-T50-J50),"") -> 0 | W50: =IFERROR(FLOOR(K50,TIME(0,VLOOKUP($C$3,#REF!,22,0),0)),"") | AG50: =(Z50-Y50)+(AB50-AA50)+(AD50-AC50)+(AF50-AE50) -> 0
J51: =SUM(J20:J50) -> 0 | K51: =SUM(K20:K50) -> 0 | L51: =SUM(L20:L50) -> 0 | M51: =SUM(M20:M50) -> 0 | N51: =SUM(N20:N50) -> 0 | V51: =SUM(V20:V50) -> 0 | W51: =SUM(W20:W50) -> 0

Sheet 1月
C2: SuccessHolders 勤務報告書 | M2: (西暦) | O2: 2023 | Q2: 年 | R2: 1 | S2: 月分 | X2: ≪入力方法について≫
C3: 社員1 | Q3: 勤務日数： | S3: =COUNTA(E20:E50)&"日" -> 0日 | X3: ・太枠内の記載をお願いします。
C4: 派遣先企業名 | N4: 派遣先事業所名 | Y4: 業務内容等は必要があれば記載をお願いします。「入力例」タブをご確認ください。
C5: 派遣先住所
C6: 就業部署名 | N6: 連絡先 | X6: ・休憩時間が複数ある場合
C7: 業務に伴う責任の程度 | F7: (業務内容) | N7: 役職名 | R7: 部下 人数 | Y7: 休憩1-4に休憩時間を入力してください。
C8: 実際の就業場所 | M8: 勤怠パターン | O8: 勤務時間 | R8: 休憩時間 | T8: 規定時間 | Y8: 休憩1-4の、合計時間をJ列の「休憩時間」に直接入力してください。
P9: ～ | T9: =Q9-O9-R9 -> 0 | Y9: G列とI列の入力は不要です。
P10: ～ | T10: =Q10-O10-R10 -> 0
P11: ～ | T11: =Q11-O11-R11 -> 0 | X11: ・深夜時間の勤務の場合、時間は下記のように退勤時刻（例 34：00）の記載をお願いします。
P12: ～ | T12: =Q12-O12-R12 -> 0 | Y12: 例：18：00～翌日10：00の場合
P13: ～ | T13: =Q13-O13-R13 -> 0 | Z13: 出勤時刻（18：00） 退勤時刻（34：00）
B14: 氏名 | C14: 氏名 | O14: フレックスタイム制 | Z14: 18時＋6時間（18時～24時合計）+10時間（0時～10時合計）＝34時間
O15: 変形労働時間制
Y16: 休憩時間が1時間以外で複数ある場合は、J列の計算式を削除して休憩時間を直接入力してください↓
C17: 例 | E17: 0.375 | F17: 0.76041667 | G17: 0.5 | I17: 0.54166667 | X17: 例 | Y17: 0.5 | Z17: 0.54166667 | AA17: 0.71875 | AB17: 0.72916667 | AC17: 0.77083333 | AD17: 0.79166667 | AE17: 0.89583333 | AF17: 0.91666667
Y18: 休憩1 | AA18: 休憩2 | AC18: 休憩3 | AE18: 休憩4
A19: 祝日判定 | C19: 月 日 | D19: 曜 日 | E19: 出勤 時刻 | F19: 退勤 時刻 | G19: 休憩 時刻 | J19: 休憩 時間 | K19: 所定 時間 | L19: 法定外 残業 | M19: 深夜 時間 | N19: 不就労 | O19: 業務内容・作業進捗状況・その他 | T19: 出勤時刻(KOT) | U19: 退勤時刻 (KOT) | V19: 所定時間 (KOT) | W19: 所定時間 (調整) | Y19: 開始 | Z19: 終了 | AA19: 開始 | AB19: 終了 | AC19: 開始 | AD19: 終了 | AE19: 開始 | AF19: 終了 | AG19: 休憩時間
A20: =IF(COUNTIFS(祝日参照用!A:A,C20)=1,1,IF(D20="土",1,IF(D20="日",1,0))) -> 1 | C20: =IFERROR(DATE(O2,R2,1),"") -> 44927 | D20: =TEXT(C20,"aaa") -> 日 | H20: ～ | J20: =IFERROR(IF(G20="",0,I20-G20),"") -> 0 | K20: =IFERROR(IF(E20="",0,F20-E20-J20),"") -> 0 | L20: =IF(E20="",0,IF($A20=1,$K20,IF($C20="",0,IF($K20-$T$9<0,0,$K20-$T$9)))) -> 0 | T20: =E20 -> 0 | U20: =F20 -> 0 | V20: =IFERROR(IF(T20="",0,U20-T20-J20),"") -> 0 | W20: =IFERROR(FLOOR(K20,TIME(0,VLOOKUP($C$3,#REF!,22,0),0)),"") | AG20: =(Z20-Y20)+(AB20-AA20)+(AD20-AC20)+(AF20-AE20) -> 0
A21: =IF(COUNTIFS(祝日参照用!A:A,C21)=1,1,IF(D21="土",1,IF(D21="日",1,0))) -> 1 | C21: =IF(C20="","",IF(DAY(C20+1)=1,"",C20+1)) -> 44928 | D21: =TEXT(C21,"aaa") -> 月 | H21: ～ | J21: =IFERROR(IF(G21="",0,I21-G21),"") -> 0 | K21: =IFERROR(IF(E21="",0,F21-E21-J21),"") -> 0 | L21: =IF(E21="",0,IF($A21=1,$K21,IF($C21="",0,IF($K21-$T$9<0,0,$K21-$T$9)))) -> 0 | T21: =E21 -> 0 | U21: =F21 -> 0 | V21: =IFERROR(IF(T21="",0,U21-T21-J21),"") -> 0 | W21: =IFERROR(FLOOR(K21,TIME(0,VLOOKUP($C$3,#REF!,22,0),0)),"") | AG21: =(Z21-Y21)+(AB21-AA21)+(AD21-AC21)+(AF21-AE21) -> 0
A22: =IF(COUNTIFS(祝日参照用!A:A,C22)=1,1,IF(D22="土",1,IF(D22="日",1,0))) -> 1 | C22: =IF(C21="","",IF(DAY(C21+1)=1,"",C21+1)) -> 44929 | D22: =TEXT(C22,"aaa") -> 火 | H22: ～ | J22: =IFERROR(IF(G22="",0,I22-G22),"") -> 0 | K22: =IFERROR(IF(E22="",0,F22-E22-J22),"") -> 0 | L22: =IF(E22="",0,IF($A22=1,$K22,IF($C22="",0,IF($K22-$T$9<0,0,$K22-$T$9)))) -> 0 | T22: =E22 -> 0 | U22: =F22 -> 0 | V22: =IFERROR(IF(T22="",0,U22-T22-J22),"") -> 0 | W22: =IFERROR(FLOOR(K22,TIME(0,VLOOKUP($C$3,#REF!,22,0),0)),"") | AG22: =(Z22-Y22)+(AB22-AA22)+(AD22-AC22)+(AF22-AE22) -> 0
A23: =IF(COUNTIFS(祝日参照用!A:A,C23)=1,1,IF(D23="土",1,IF(D23="日",1,0))) -> 0 | C23: =IF(C22="","",IF(DAY(C22+1)=1,"",C22+1)) -> 44930 | D23: =TEXT(C23,"aaa") -> 水 | H23: ～ | J23: =IFERROR(IF(G23="",0,I23-G23),"") -> 0 | K23: =IFERROR(IF(E23="",0,F23-E23-J23),"") -> 0 | L23: =IF(E23="",0,IF($A23=1,$K23,IF($C23="",0,IF($K23-$T$9<0,0,$K23-$T$9)))) -> 0 | T23: =E23 -> 0 | U23: =F23 -> 0 | V23: =IFERROR(IF(T23="",0,U23-T23-J23),"") -> 0 | W23: =IFERROR(FLOOR(K23,TIME(0,VLOOKUP($C$3,#REF!,22,0),0)),"") | AG23: =(Z23-Y23)+(AB23-AA23)+(AD23-AC23)+(AF23-AE23) -> 0
A24: =IF(COUNTIFS(祝日参照用!A:A,C24)=1,1,IF(D24="土",1,IF(D24="日",1,0))) -> 0 | C24: =IF(C23="","",IF(DAY(C23+1)=1,"",C23+1)) -> 44931 | D24: =TEXT(C24,"aaa") -> 木 | H24: ～ | J24: =IFERROR(IF(G24="",0,I24-G24),"") -> 0 | K24: =IFERROR(IF(E24="",0,F24-E24-J24),"") -> 0 | L24: =IF(E24="",0,IF($A24=1,$K24,IF($C24="",0,IF($K24-$T$9<0,0,$K24-$T$9)))) -> 0 | T24: =E24 -> 0 | U24: =F24 -> 0 | V24: =IFERROR(IF(T24="",0,U24-T24-J24),"") -> 0 | W24: =IFERROR(FLOOR(K24,TIME(0,VLOOKUP($C$3,#REF!,22,0),0)),"") | AG24: =(Z24-Y24)+(AB24-AA24)+(AD24-AC24)+(AF24-AE24) -> 0
A25: =IF(COUNTIFS(祝日参照用!A:A,C25)=1,1,IF(D25="土",1,IF(D25="日",1,0))) -> 0 | C25: =IF(C24="","",IF(DAY(C24+1)=1,"",C24+1)) -> 44932 | D25: =TEXT(C25,"aaa") -> 金 | H25: ～ | J25: =IFERROR(IF(G25="",0,I25-G25),"") -> 0 | K25: =IFERROR(IF(E25="",0,F25-E25-J25),"") -> 0 | L25: =IF(E25="",0,IF($A25=1,$K25,IF($C25="",0,IF($K25-$T$9<0,0,$K25-$T$9)))) -> 0 | T25: =E25 -> 0 | U25: =F25 -> 0 | V25: =IFERROR(IF(T25="",0,U25-T25-J25),"") -> 0 | W25: =IFERROR(FLOOR(K25,TIME(0,VLOOKUP($C$3,#REF!,22,0),0)),"") | AG25: =(Z25-Y25)+(AB25-AA25)+(AD25-AC25)+(AF25-AE25) -> 0
A26: =IF(COUNTIFS(祝日参照用!A:A,C26)=1,1,IF(D26="土",1,IF(D26="日",1,0))) -> 1 | C26: =IF(C25="","",IF(DAY(C25+1)=1,"",C25+1)) -> 44933 | D26: =TEXT(C26,"aaa") -> 土 | H26: ～ | J26: =IFERROR(IF(G26="",0,I26-G26),"") -> 0 | K26: =IFERROR(IF(E26="",0,F26-E26-J26),"") -> 0 | L26: =IF(E26="",0,IF($A26=1,$K26,IF($C26="",0,IF($K26-$T$9<0,0,$K26-$T$9)))) -> 0 | T26: =E26 -> 0 | U26: =F26 -> 0 | V26: =IFERROR(IF(T26="",0,U26-T26-J26),"") -> 0 | W26: =IFERROR(FLOOR(K26,TIME(0,VLOOKUP($C$3,#REF!,22,0),0)),"") | AG26: =(Z26-Y26)+(AB26-AA26)+(AD26-AC26)+(AF26-AE26) -> 0
A27: =IF(COUNTIFS(祝日参照用!A:A,C27)=1,1,IF(D27="土",1,IF(D27="日",1,0))) -> 1 | C27: =IF(C26="","",IF(DAY(C26+1)=1,"",C26+1)) -> 44934 | D27: =TEXT(C27,"aaa") -> 日 | H27: ～ | J27: =IFERROR(IF(G27="",0,I27-G27),"") -> 0 | K27: =IFERROR(IF(E27="",0,F27-E27-J27),"") -> 0 | L27: =IF(E27="",0,IF($A27=1,$K27,IF($C27="",0,IF($K27-$T$9<0,0,$K27-$T$9)))) -> 0 | T27: =E27 -> 0 | U27: =F27 -> 0 | V27: =IFERROR(IF(T27="",0,U27-T27-J27),"") -> 0 | W27: =IFERROR(FLOOR(K27,TIME(0,VLOOKUP($C$3,#REF!,22,0),0)),"") | AG27: =(Z27-Y27)+(AB27-AA27)+(AD27-AC27)+(AF27-AE27) -> 0
A28: =IF(COUNTIFS(祝日参照用!A:A,C28)=1,1,IF(D28="土",1,IF(D28="日",1,0))) -> 1 | C28: =IF(C27="","",IF(DAY(C27+1)=1,"",C27+1)) -> 44935 | D28: =TEXT(C28,"aaa") -> 月 | H28: ～ | J28: =IFERROR(IF(G28="",0,I28-G28),"") -> 0 | K28: =IFERROR(IF(E28="",0,F28-E28-J28),"") -> 0 | L28: =IF(E28="",0,IF($A28=1,$K28,IF($C28="",0,IF($K28-$T$9<0,0,$K28-$T$9)))) -> 0 | T28: =E28 -> 0 | U28: =F28 -> 0 | V28: =IFERROR(IF(T28="",0,U28-T28-J28),"") -> 0 | W28: =IFERROR(FLOOR(K28,TIME(0,VLOOKUP($C$3,#REF!,22,0),0)),"") | AG28: =(Z28-Y28)+(AB28-AA28)+(AD28-AC28)+(AF28-AE28) -> 0
A29: =IF(COUNTIFS(祝日参照用!A:A,C29)=1,1,IF(D29="土",1,IF(D29="日",1,0))) -> 0 | C29: =IF(C28="","",IF(DAY(C28+1)=1,"",C28+1)) -> 44936 | D29: =TEXT(C29,"aaa") -> 火 | H29: ～ | J29: =IFERROR(IF(G29="",0,I29-G29),"") -> 0 | K29: =IFERROR(IF(E29="",0,F29-E29-J29),"") -> 0 | L29: =IF(E29="",0,IF($A29=1,$K29,IF($C29="",0,IF($K29-$T$9<0,0,$K29-$T$9)))) -> 0 | T29: =E29 -> 0 | U29: =F29 -> 0 | V29: =IFERROR(IF(T29="",0,U29-T29-J29),"") -> 0 | W29: =IFERROR(FLOOR(K29,TIME(0,VLOOKUP($C$3,#REF!,22,0),0)),"") | AG29: =(Z29-Y29)+(AB29-AA29)+(AD29-AC29)+(AF29-AE29) -> 0
A30: =IF(COUNTIFS(祝日参照用!A:A,C30)=1,1,IF(D30="土",1,IF(D30="日",1,0))) -> 0 | C30: =IF(C29="","",IF(DAY(C29+1)=1,"",C29+1)) -> 44937 | D30: =TEXT(C30,"aaa") -> 水 | H30: ～ | J30: =IFERROR(IF(G30="",0,I30-G30),"") -> 0 | K30: =IFERROR(IF(E30="",0,F30-E30-J30),"") -> 0 | L30: =IF(E30="",0,IF($A30=1,$K30,IF($C30="",0,IF($K30-$T$9<0,0,$K30-$T$9)))) -> 0 | T30: =E30 -> 0 | U30: =F30 -> 0 | V30: =IFERROR(IF(T30="",0,U30-T30-J30),"") -> 0 | W30: =IFERROR(FLOOR(K30,TIME(0,VLOOKUP($C$3,#REF!,22,0),0)),"") | AG30: =(Z30-Y30)+(AB30-AA30)+(AD30-AC30)+(AF30-AE30) -> 0
A31: =IF(COUNTIFS(祝日参照用!A:A,C31)=1,1,IF(D31="土",1,IF(D31="日",1,0))) -> 0 | C31: =IF(C30="","",IF(DAY(C30+1)=1,"",C30+1)) -> 44938 | D31: =TEXT(C31,"aaa") -> 木 | H31: ～ | J31: =IFERROR(IF(G31="",0,I31-G31),"") -> 0 | K31: =IFERROR(IF(E31="",0,F31-E31-J31),"") -> 0 | L31: =IF(E31="",0,IF($A31=1,$K31,IF($C31="",0,IF($K31-$T$9<0,0,$K31-$T$9)))) -> 0 | T31: =E31 -> 0 | U31: =F31 -> 0 | V31: =IFERROR(IF(T31="",0,U31-T31-J31),"") -> 0 | W31: =IFERROR(FLOOR(K31,TIME(0,VLOOKUP($C$3,#REF!,22,0),0)),"") | AG31: =(Z31-Y31)+(AB31-AA31)+(AD31-AC31)+(AF31-AE31) -> 0
A32: =IF(COUNTIFS(祝日参照用!A:A,C32)=1,1,IF(D32="土",1,IF(D32="日",1,0))) -> 0 | C32: =IF(C31="","",IF(DAY(C31+1)=1,"",C31+1)) -> 44939 | D32: =TEXT(C32,"aaa") -> 金 | H32: ～ | J32: =IFERROR(IF(G32="",0,I32-G32),"") -> 0 | K32: =IFERROR(IF(E32="",0,F32-E32-J32),"") -> 0 | L32: =IF(E32="",0,IF($A32=1,$K32,IF($C32="",0,IF($K32-$T$9<0,0,$K32-$T$9)))) -> 0 | T32: =E32 -> 0 | U32: =F32 -> 0 | V32: =IFERROR(IF(T32="",0,U32-T32-J32),"") -> 0 | W32: =IFERROR(FLOOR(K32,TIME(0,VLOOKUP($C$3,#REF!,22,0),0)),"") | AG32: =(Z32-Y32)+(AB32-AA32)+(AD32-AC32)+(AF32-AE32) -> 0
... A50: =IF(COUNTIFS(祝日参照用!A:A,C50)=1,1,IF(D50="土",1,IF(D50="日",1,0))) -> 0 | C50: =IF(C49="","",IF(DAY(C49+1)=1,"",C49+1)) -> 44957 | D50: =TEXT(C50,"aaa") -> 火 | H50: ～ | J50: =IFERROR(IF(G50="",0,I50-G50),"") -> 0 | K50: =IFERROR(IF(E50="",0,F50-E50-J50),"") -> 0 | L50: =IF(E50="",0,IF($A50=1,$K50,IF($C50="",0,IF($K50-$T$9<0,0,$K50-$T$9)))) -> 0 | T50: =E50 -> 0 | U50: =F50 -> 0 | V50: =IFERROR(IF(T50="",0,U50-T50-J50),"") -> 0 | W50: =IFERROR(FLOOR(K50,TIME(0,VLOOKUP($C$3,#REF!,22,0),0)),"") | AG50: =(Z50-Y50)+(AB50-AA50)+(AD50-AC50)+(AF50-AE50) -> 0
J51: =SUM(J20:J50) -> 0 | K51: =SUM(K20:K50) -> 0 | L51: =SUM(L20:L50) -> 0 | M51: =SUM(M20:M50) -> 0 | N51: =SUM(N20:N50) -> 0 | V51: =SUM(V20:V50) -> 0 | W51: =SUM(W20:W50) -> 0

Sheet 12月
C2: SuccessHolders 勤務報告書 | M2: (西暦) | O2: 2022 | Q2: 年 | R2: ='11月'!R2+1 -> 13 | S2: 月分 | X2: ≪入力方法について≫
C3: 社員1 | Q3: 勤務日数： | S3: =COUNTA(E20:E50)&"日" -> 0日 | X3: ・太枠内の記載をお願いします。
C4: 派遣先企業名 | N4: 派遣先事業所名 | Y4: 業務内容等は必要があれば記載をお願いします。「入力例」タブをご確認ください。
C5: 派遣先住所
C6: 就業部署名 | N6: 連絡先 | X6: ・休憩時間が複数ある場合
C7: 業務に伴う責任の程度 | F7: (業務内容) | N7: 役職名 | R7: 部下 人数 | Y7: 休憩1-4に休憩時間を入力してください。
C8: 実際の就業場所 | M8: 勤怠パターン | O8: 勤務時間 | R8: 休憩時間 | T8: 規定時間 | Y8: 休憩1-4の、合計時間をJ列の「休憩時間」に直接入力してください。
P9: ～ | T9: =Q9-O9-R9 -> 0 | Y9: G列とI列の入力は不要です。
P10: ～ | T10: =Q10-O10-R10 -> 0
P11: ～ | T11: =Q11-O11-R11 -> 0 | X11: ・深夜時間の勤務の場合、時間は下記のように退勤時刻（例 34：00）の記載をお願いします。
P12: ～ | T12: =Q12-O12-R12 -> 0 | Y12: 例：18：00～翌日10：00の場合
P13: ～ | T13: =Q13-O13-R13 -> 0 | Z13: 出勤時刻（18：00） 退勤時刻（34：00）
B14: 氏名 | C14: 氏名 | O14: フレックスタイム制 | Z14: 18時＋6時間（18時～24時合計）+10時間（0時～10時合計）＝34時間
O15: 変形労働時間制
Y16: 休憩時間が1時間以外で複数ある場合は、J列の計算式を削除して休憩時間を直接入力してください↓
C17: 例 | E17: 0.375 | F17: 0.76041667 | G17: 0.5 | I17: 0.54166667 | X17: 例 | Y17: 0.5 | Z17: 0.54166667 | AA17: 0.71875 | AB17: 0.72916667 | AC17: 0.77083333 | AD17: 0.79166667 | AE17: 0.89583333 | AF17: 0.91666667
Y18: 休憩1 | AA18: 休憩2 | AC18: 休憩3 | AE18: 休憩4
A19: 祝日判定 | C19: 月 日 | D19: 曜 日 | E19: 出勤 時刻 | F19: 退勤 時刻 | G19: 休憩 時刻 | J19: 休憩 時間 | K19: 所定 時間 | L19: 法定外 残業 | M19: 深夜 時間 | N19: 不就労 | O19: 業務内容・作業進捗状況・その他 | T19: 出勤時刻(KOT) | U19: 退勤時刻 (KOT) | V19: 所定時間 (KOT) | W19: 所定時間 (調整) | Y19: 開始 | Z19: 終了 | AA19: 開始 | AB19: 終了 | AC19: 開始 | AD19: 終了 | AE19: 開始 | AF19: 終了 | AG19: 休憩時間
A20: =IF(COUNTIFS(祝日参照用!A:A,C20)=1,1,IF(D20="土",1,IF(D20="日",1,0))) -> 1 | C20: =IFERROR(DATE(O2,R2,1),"") -> 44927 | D20: =TEXT(C20,"aaa") -> 日 | H20: ～ | J20: =IFERROR(IF(G20="",0,I20-G20),"") -> 0 | K20: =IFERROR(IF(E20="",0,F20-E20-J20),"") -> 0 | L20: =IF(E20="",0,IF($A20=1,$K20,IF($C20="",0,IF($K20-$T$9<0,0,$K20-$T$9)))) -> 0 | T20: =E20 -> 0 | U20: =F20 -> 0 | V20: =IFERROR(IF(T20="",0,U20-T20-J20),"") -> 0 | W20: =IFERROR(FLOOR(K20,TIME(0,VLOOKUP($C$3,#REF!,22,0),0)),"") | AG20: =(Z20-Y20)+(AB20-AA20)+(AD20-AC20)+(AF20-AE20) -> 0
A21: =IF(COUNTIFS(祝日参照用!A:A,C21)=1,1,IF(D21="土",1,IF(D21="日",1,0))) -> 1 | C21: =IF(C20="","",IF(DAY(C20+1)=1,"",C20+1)) -> 44928 | D21: =TEXT(C21,"aaa") -> 月 | H21: ～ | J21: =IFERROR(IF(G21="",0,I21-G21),"") -> 0 | K21: =IFERROR(IF(E21="",0,F21-E21-J21),"") -> 0 | L21: =IF(E21="",0,IF($A21=1,$K21,IF($C21="",0,IF($K21-$T$9<0,0,$K21-$T$9)))) -> 0 | T21: =E21 -> 0 | U21: =F21 -> 0 | V21: =IFERROR(IF(T21="",0,U21-T21-J21),"") -> 0 | W21: =IFERROR(FLOOR(K21,TIME(0,VLOOKUP($C$3,#REF!,22,0),0)),"") | AG21: =(Z21-Y21)+(AB21-AA21)+(AD21-AC21)+(AF21-AE21) -> 0
A22: =IF(COUNTIFS(祝日参照用!A:A,C22)=1,1,IF(D22="土",1,IF(D22="日",1,0))) -> 1 | C22: =IF(C21="","",IF(DAY(C21+1)=1,"",C21+1)) -> 44929 | D22: =TEXT(C22,"aaa") -> 火 | H22: ～ | J22: =IFERROR(IF(G22="",0,I22-G22),"") -> 0 | K22: =IFERROR(IF(E22="",0,F22-E22-J22),"") -> 0 | L22: =IF(E22="",0,IF($A22=1,$K22,IF($C22="",0,IF($K22-$T$9<0,0,$K22-$T$9)))) -> 0 | T22: =E22 -> 0 | U22: =F22 -> 0 | V22: =IFERROR(IF(T22="",0,U22-T22-J22),"") -> 0 | W22: =IFERROR(FLOOR(K22,TIME(0,VLOOKUP($C$3,#REF!,22,0),0)),"") | AG22: =(Z22-Y22)+(AB22-AA22)+(AD22-AC22)+(AF22-AE22) -> 0
A23: =IF(COUNTIFS(祝日参照用!A:A,C23)=1,1,IF(D23="土",1,IF(D23="日",1,0))) -> 0 | C23: =IF(C22="","",IF(DAY(C22+1)=1,"",C22+1)) -> 44930 | D23: =TEXT(C23,"aaa") -> 水 | H23: ～ | J23: =IFERROR(IF(G23="",0,I23-G23),"") -> 0 | K23: =IFERROR(IF(E23="",0,F23-E23-J23),"") -> 0 | L23: =IF(E23="",0,IF($A23=1,$K23,IF($C23="",0,IF($K23-$T$9<0,0,$K23-$T$9)))) -> 0 | T23: =E23 -> 0 | U23: =F23 -> 0 | V23: =IFERROR(IF(T23="",0,U23-T23-J23),"") -> 0 | W23: =IFERROR(FLOOR(K23,TIME(0,VLOOKUP($C$3,#REF!,22,0),0)),"") | AG23: =(Z23-Y23)+(AB23-AA23)+(AD23-AC23)+(AF23-AE23) -> 0
A24: =IF(COUNTIFS(祝日参照用!A:A,C24)=1,1,IF(D24="土",1,IF(D24="日",1,0))) -> 0 | C24: =IF(C23="","",IF(DAY(C23+1)=1,"",C23+1)) -> 44931 | D24: =TEXT(C24,"aaa") -> 木 | H24: ～ | J24: =IFERROR(IF(G24="",0,I24-G24),"") -> 0 | K24: =IFERROR(IF(E24="",0,F24-E24-J24),"") -> 0 | L24: =IF(E24="",0,IF($A24=1,$K24,IF($C24="",0,IF($K24-$T$9<0,0,$K24-$T$9)))) -> 0 | T24: =E24 -> 0 | U24: =F24 -> 0 | V24: =IFERROR(IF(T24="",0,U24-T24-J24),"") -> 0 | W24: =IFERROR(FLOOR(K24,TIME(0,VLOOKUP($C$3,#REF!,22,0),0)),"") | AG24: =(Z24-Y24)+(AB24-AA24)+(AD24-AC24)+(AF24-AE24) -> 0
A25: =IF(COUNTIFS(祝日参照用!A:A,C25)=1,1,IF(D25="土",1,IF(D25="日",1,0))) -> 0 | C25: =IF(C24="","",IF(DAY(C24+1)=1,"",C24+1)) -> 44932 | D25: =TEXT(C25,"aaa") -> 金 | H25: ～ | J25: =IFERROR(IF(G25="",0,I25-G25),"") -> 0 | K25: =IFERROR(IF(E25="",0,F25-E25-J25),"") -> 0 | L25: =IF(E25="",0,IF($A25=1,$K25,IF($C25="",0,IF($K25-$T$9<0,0,$K25-$T$9)))) -> 0 | T25: =E25 -> 0 | U25: =F25 -> 0 | V25: =IFERROR(IF(T25="",0,U25-T25-J25),"") -> 0 | W25: =IFERROR(FLOOR(K25,TIME(0,VLOOKUP($C$3,#REF!,22,0),0)),"") | AG25: =(Z25-Y25)+(AB25-AA25)+(AD25-AC25)+(AF25-AE25) -> 0
A26: =IF(COUNTIFS(祝日参照用!A:A,C26)=1,1,IF(D26="土",1,IF(D26="日",1,0))) -> 1 | C26: =IF(C25="","",IF(DAY(C25+1)=1,"",C25+1)) -> 44933 | D26: =TEXT(C26,"aaa") -> 土 | H26: ～ | J26: =IFERROR(IF(G26="",0,I26-G26),"") -> 0 | K26: =IFERROR(IF(E26="",0,F26-E26-J26),"") -> 0 | L26: =IF(E26="",0,IF($A26=1,$K26,IF($C26="",0,IF($K26-$T$9<0,0,$K26-$T$9)))) -> 0 | T26: =E26 -> 0 | U26: =F26 -> 0 | V26: =IFERROR(IF(T26="",0,U26-T26-J26),"") -> 0 | W26: =IFERROR(FLOOR(K26,TIME(0,VLOOKUP($C$3,#REF!,22,0),0)),"") | AG26: =(Z26-Y26)+(AB26-AA26)+(AD26-AC26)+(AF26-AE26) -> 0
A27: =IF(COUNTIFS(祝日参照用!A:A,C27)=1,1,IF(D27="土",1,IF(D27="日",1,0))) -> 1 | C27: =IF(C26="","",IF(DAY(C26+1)=1,"",C26+1)) -> 44934 | D27: =TEXT(C27,"aaa") -> 日 | H27: ～ | J27: =IFERROR(IF(G27="",0,I27-G27),"") -> 0 | K27: =IFERROR(IF(E27="",0,F27-E27-J27),"") -> 0 | L27: =IF(E27="",0,IF($A27=1,$K27,IF($C27="",0,IF($K27-$T$9<0,0,$K27-$T$9)))) -> 0 | T27: =E27 -> 0 | U27: =F27 -> 0 | V27: =IFERROR(IF(T27="",0,U27-T27-J27),"") -> 0 | W27: =IFERROR(FLOOR(K27,TIME(0,VLOOKUP($C$3,#REF!,22,0),0)),"") | AG27: =(Z27-Y27)+(AB27-AA27)+(AD27-AC27)+(AF27-AE27) -> 0
A28: =IF(COUNTIFS(祝日参照用!A:A,C28)=1,1,IF(D28="土",1,IF(D28="日",1,0))) -> 1 | C28: =IF(C27="","",IF(DAY(C27+1)=1,"",C27+1)) -> 44935 | D28: =TEXT(C28,"aaa") -> 月 | H28: ～ | J28: =IFERROR(IF(G28="",0,I28-G28),"") -> 0 | K28: =IFERROR(IF(E28="",0,F28-E28-J28),"") -> 0 | L28: =IF(E28="",0,IF($A28=1,$K28,IF($C28="",0,IF($K28-$T$9<0,0,$K28-$T$9)))) -> 0 | T28: =E28 -> 0 | U28: =F28 -> 0 | V28: =IFERROR(IF(T28="",0,U28-T28-J28),"") -> 0 | W28: =IFERROR(FLOOR(K28,TIME(0,VLOOKUP($C$3,#REF!,22,0),0)),"") | AG28: =(Z28-Y28)+(AB28-AA28)+(AD28-AC28)+(AF28-AE28) -> 0
A29: =IF(COUNTIFS(祝日参照用!A:A,C29)=1,1,IF(D29="土",1,IF(D29="日",1,0))) -> 0 | C29: =IF(C28="","",IF(DAY(C28+1)=1,"",C28+1)) -> 44936 | D29: =TEXT(C29,"aaa") -> 火 | H29: ～ | J29: =IFERROR(IF(G29="",0,I29-G29),"") -> 0 | K29: =IFERROR(IF(E29="",0,F29-E29-J29),"") -> 0 | L29: =IF(E29="",0,IF($A29=1,$K29,IF($C29="",0,IF($K29-$T$9<0,0,$K29-$T$9)))) -> 0 | T29: =E29 -> 0 | U29: =F29 -> 0 | V29: =IFERROR(IF(T29="",0,U29-T29-J29),"") -> 0 | W29: =IFERROR(FLOOR(K29,TIME(0,VLOOKUP($C$3,#REF!,22,0),0)),"") | AG29: =(Z29-Y29)+(AB29-AA29)+(AD29-AC29)+(AF29-AE29) -> 0
A30: =IF(COUNTIFS(祝日参照用!A:A,C30)=1,1,IF(D30="土",1,IF(D30="日",1,0))) -> 0 | C30: =IF(C29="","",IF(DAY(C29+1)=1,"",C29+1)) -> 44937 | D30: =TEXT(C30,"aaa") -> 水 | H30: ～ | J30: =IFERROR(IF(G30="",0,I30-G30),"") -> 0 | K30: =IFERROR(IF(E30="",0,F30-E30-J30),"") -> 0 | L30: =IF(E30="",0,IF($A30=1,$K30,IF($C30="",0,IF($K30-$T$9<0,0,$K30-$T$9)))) -> 0 | T30: =E30 -> 0 | U30: =F30 -> 0 | V30: =IFERROR(IF(T30="",0,U30-T30-J30),"") -> 0 | W30: =IFERROR(FLOOR(K30,TIME(0,VLOOKUP($C$3,#REF!,22,0),0)),"") | AG30: =(Z30-Y30)+(AB30-AA30)+(AD30-AC30)+(AF30-AE30) -> 0
A31: =IF(COUNTIFS(祝日参照用!A:A,C31)=1,1,IF(D31="土",1,IF(D31="日",1,0))) -> 0 | C31: =IF(C30="","",IF(DAY(C30+1)=1,"",C30+1)) -> 44938 | D31: =TEXT(C31,"aaa") -> 木 | H31: ～ | J31: =IFERROR(IF(G31="",0,I31-G31),"") -> 0 | K31: =IFERROR(IF(E31="",0,F31-E31-J31),"") -> 0 | L31: =IF(E31="",0,IF($A31=1,$K31,IF($C31="",0,IF($K31-$T$9<0,0,$K31-$T$9)))) -> 0 | T31: =E31 -> 0 | U31: =F31 -> 0 | V31: =IFERROR(IF(T31="",0,U31-T31-J31),"") -> 0 | W31: =IFERROR(FLOOR(K31,TIME(0,VLOOKUP($C$3,#REF!,22,0),0)),"") | AG31: =(Z31-Y31)+(AB31-AA31)+(AD31-AC31)+(AF31-AE31) -> 0
A32: =IF(COUNTIFS(祝日参照用!A:A,C32)=1,1,IF(D32="土",1,IF(D32="日",1,0))) -> 0 | C32: =IF(C31="","",IF(DAY(C31+1)=1,"",C31+1)) -> 44939 | D32: =TEXT(C32,"aaa") -> 金 | H32: ～ | J32: =IFERROR(IF(G32="",0,I32-G32),"") -> 0 | K32: =IFERROR(IF(E32="",0,F32-E32-J32),"") -> 0 | L32: =IF(E32="",0,IF($A32=1,$K32,IF($C32="",0,IF($K32-$T$9<0,0,$K32-$T$9)))) -> 0 | T32: =E32 -> 0 | U32: =F32 -> 0 | V32: =IFERROR(IF(T32="",0,U32-T32-J32),"") -> 0 | W32: =IFERROR(FLOOR(K32,TIME(0,VLOOKUP($C$3,#REF!,22,0),0)),"") | AG32: =(Z32-Y32)+(AB32-AA32)+(AD32-AC32)+(AF32-AE32) -> 0
... A50: =IF(COUNTIFS(祝日参照用!A:A,C50)=1,1,IF(D50="土",1,IF(D50="日",1,0))) -> 0 | C50: =IF(C49="","",IF(DAY(C49+1)=1,"",C49+1)) -> 44957 | D50: =TEXT(C50,"aaa") -> 火 | H50: ～ | J50: =IFERROR(IF(G50="",0,I50-G50),"") -> 0 | K50: =IFERROR(IF(E50="",0,F50-E50-J50),"") -> 0 | L50: =IF(E50="",0,IF($A50=1,$K50,IF($C50="",0,IF($K50-$T$9<0,0,$K50-$T$9)))) -> 0 | T50: =E50 -> 0 | U50: =F50 -> 0 | V50: =IFERROR(IF(T50="",0,U50-T50-J50),"") -> 0 | W50: =IFERROR(FLOOR(K50,TIME(0,VLOOKUP($C$3,#REF!,22,0),0)),"") | AG50: =(Z50-Y50)+(AB50-AA50)+(AD50-AC50)+(AF50-AE50) -> 0
J51: =SUM(J20:J50) -> 0 | K51: =SUM(K20:K50) -> 0 | L51: =SUM(L20:L50) -> 0 | M51: =SUM(M20:M50) -> 0 | N51: =SUM(N20:N50) -> 0 | V51: =SUM(V20:V50) -> 0 | W51: =SUM(W20:W50) -> 0

Sheet 11月
C2: SuccessHolders 勤務報告書 | M2: (西暦) | O2: 2022 | Q2: 年 | R2: ='10月'!R2+1 -> 12 | S2: 月分 | X2: ≪入力方法について≫
C3: 社員1 | Q3: 勤務日数： | S3: =COUNTA(E20:E50)&"日" -> 0日 | X3: ・太枠内の記載をお願いします。
C4: 派遣先企業名 | N4: 派遣先事業所名 | Y4: 業務内容等は必要があれば記載をお願いします。「入力例」タブをご確認ください。
C5: 派遣先住所
C6: 就業部署名 | N6: 連絡先 | X6: ・休憩時間が複数ある場合
C7: 業務に伴う責任の程度 | F7: (業務内容) | N7: 役職名 | R7: 部下 人数 | Y7: 休憩1-4に休憩時間を入力してください。
C8: 実際の就業場所 | M8: 勤怠パターン | O8: 勤務時間 | R8: 休憩時間 | T8: 規定時間 | Y8: 休憩1-4の、合計時間をJ列の「休憩時間」に直接入力してください。
P9: ～ | T9: =Q9-O9-R9 -> 0 | Y9: G列とI列の入力は不要です。
P10: ～ | T10: =Q10-O10-R10 -> 0
P11: ～ | T11: =Q11-O11-R11 -> 0 | X11: ・深夜時間の勤務の場合、時間は下記のように退勤時刻（例 34：00）の記載をお願いします。
P12: ～ | T12: =Q12-O12-R12 -> 0 | Y12: 例：18：00～翌日10：00の場合
P13: ～ | T13: =Q13-O13-R13 -> 0 | Z13: 出勤時刻（18：00） 退勤時刻（34：00）
B14: 氏名 | C14: 氏名 | O14: フレックスタイム制 | Z14: 18時＋6時間（18時～24時合計）+10時間（0時～10時合計）＝34時間
O15: 変形労働時間制
Y16: 休憩時間が1時間以外で複数ある場合は、J列の計算式を削除して休憩時間を直接入力してください↓
C17: 例 | E17: 0.375 | F17: 0.76041667 | G17: 0.5 | I17: 0.54166667 | X17: 例 | Y17: 0.5 | Z17: 0.54166667 | AA17: 0.71875 | AB17: 0.72916667 | AC17: 0.77083333 | AD17: 0.79166667 | AE17: 0.89583333 | AF17: 0.91666667
Y18: 休憩1 | AA18: 休憩2 | AC18: 休憩3 | AE18: 休憩4
A19: 祝日判定 | C19: 月 日 | D19: 曜 日 | E19: 出勤 時刻 | F19: 退勤 時刻 | G19: 休憩 時刻 | J19: 休憩 時間 | K19: 所定 時間 | L19: 法定外 残業 | M19: 深夜 時間 | N19: 不就労 | O19: 業務内容・作業進捗状況・その他 | T19: 出勤時刻(KOT) | U19: 退勤時刻 (KOT) | V19: 所定時間 (KOT) | W19: 所定時間 (調整) | Y19: 開始 | Z19: 終了 | AA19: 開始 | AB19: 終了 | AC19: 開始 | AD19: 終了 | AE19: 開始 | AF19: 終了 | AG19: 休憩時間
A20: =IF(COUNTIFS(祝日参照用!A:A,C20)=1,1,IF(D20="土",1,IF(D20="日",1,0))) -> 0 | C20: =IFERROR(DATE(O2,R2,1),"") -> 44896 | D20: =TEXT(C20,"aaa") -> 木 | H20: ～ | J20: =IFERROR(IF(G20="",0,I20-G20),"") -> 0 | K20: =IFERROR(IF(E20="",0,F20-E20-J20),"") -> 0 | L20: =IF(E20="",0,IF($A20=1,$K20,IF($C20="",0,IF($K20-$T$9<0,0,$K20-$T$9)))) -> 0 | T20: =E20 -> 0 | U20: =F20 -> 0 | V20: =IFERROR(IF(T20="",0,U20-T20-J20),"") -> 0 | W20: =IFERROR(FLOOR(K20,TIME(0,VLOOKUP($C$3,#REF!,22,0),0)),"") | AG20: =(Z20-Y20)+(AB20-AA20)+(AD20-AC20)+(AF20-AE20) -> 0
A21: =IF(COUNTIFS(祝日参照用!A:A,C21)=1,1,IF(D21="土",1,IF(D21="日",1,0))) -> 0 | C21: =IF(C20="","",IF(DAY(C20+1)=1,"",C20+1)) -> 44897 | D21: =TEXT(C21,"aaa") -> 金 | H21: ～ | J21: =IFERROR(IF(G21="",0,I21-G21),"") -> 0 | K21: =IFERROR(IF(E21="",0,F21-E21-J21),"") -> 0 | L21: =IF(E21="",0,IF($A21=1,$K21,IF($C21="",0,IF($K21-$T$9<0,0,$K21-$T$9)))) -> 0 | T21: =E21 -> 0 | U21: =F21 -> 0 | V21: =IFERROR(IF(T21="",0,U21-T21-J21),"") -> 0 | W21: =IFERROR(FLOOR(K21,TIME(0,VLOOKUP($C$3,#REF!,22,0),0)),"") | AG21: =(Z21-Y21)+(AB21-AA21)+(AD21-AC21)+(AF21-AE21) -> 0
A22: =IF(COUNTIFS(祝日参照用!A:A,C22)=1,1,IF(D22="土",1,IF(D22="日",1,0))) -> 1 | C22: =IF(C21="","",IF(DAY(C21+1)=1,"",C21+1)) -> 44898 | D22: =TEXT(C22,"aaa") -> 土 | H22: ～ | J22: =IFERROR(IF(G22="",0,I22-G22),"") -> 0 | K22: =IFERROR(IF(E22="",0,F22-E22-J22),"") -> 0 | L22: =IF(E22="",0,IF($A22=1,$K22,IF($C22="",0,IF($K22-$T$9<0,0,$K22-$T$9)))) -> 0 | T22: =E22 -> 0 | U22: =F22 -> 0 | V22: =IFERROR(IF(T22="",0,U22-T22-J22),"") -> 0 | W22: =IFERROR(FLOOR(K22,TIME(0,VLOOKUP($C$3,#REF!,22,0),0)),"") | AG22: =(Z22-Y22)+(AB22-AA22)+(AD22-AC22)+(AF22-AE22) -> 0
A23: =IF(COUNTIFS(祝日参照用!A:A,C23)=1,1,IF(D23="土",1,IF(D23="日",1,0))) -> 1 | C23: =IF(C22="","",IF(DAY(C22+1)=1,"",C22+1)) -> 44899 | D23: =TEXT(C23,"aaa") -> 日 | H23: ～ | J23: =IFERROR(IF(G23="",0,I23-G23),"") -> 0 | K23: =IFERROR(IF(E23="",0,F23-E23-J23),"") -> 0 | L23: =IF(E23="",0,IF($A23=1,$K23,IF($C23="",0,IF($K23-$T$9<0,0,$K23-$T$9)))) -> 0 | T23: =E23 -> 0 | U23: =F23 -> 0 | V23: =IFERROR(IF(T23="",0,U23-T23-J23),"") -> 0 | W23: =IFERROR(FLOOR(K23,TIME(0,VLOOKUP($C$3,#REF!,22,0),0)),"") | AG23: =(Z23-Y23)+(AB23-AA23)+(AD23-AC23)+(AF23-AE23) -> 0
A24: =IF(COUNTIFS(祝日参照用!A:A,C24)=1,1,IF(D24="土",1,IF(D24="日",1,0))) -> 0 | C24: =IF(C23="","",IF(DAY(C23+1)=1,"",C23+1)) -> 44900 | D24: =TEXT(C24,"aaa") -> 月 | H24: ～ | J24: =IFERROR(IF(G24="",0,I24-G24),"") -> 0 | K24: =IFERROR(IF(E24="",0,F24-E24-J24),"") -> 0 | L24: =IF(E24="",0,IF($A24=1,$K24,IF($C24="",0,IF($K24-$T$9<0,0,$K24-$T$9)))) -> 0 | T24: =E24 -> 0 | U24: =F24 -> 0 | V24: =IFERROR(IF(T24="",0,U24-T24-J24),"") -> 0 | W24: =IFERROR(FLOOR(K24,TIME(0,VLOOKUP($C$3,#REF!,22,0),0)),"") | AG24: =(Z24-Y24)+(AB24-AA24)+(AD24-AC24)+(AF24-AE24) -> 0
A25: =IF(COUNTIFS(祝日参照用!A:A,C25)=1,1,IF(D25="土",1,IF(D25="日",1,0))) -> 0 | C25: =IF(C24="","",IF(DAY(C24+1)=1,"",C24+1)) -> 44901 | D25: =TEXT(C25,"aaa") -> 火 | H25: ～ | J25: =IFERROR(IF(G25="",0,I25-G25),"") -> 0 | K25: =IFERROR(IF(E25="",0,F25-E25-J25),"") -> 0 | L25: =IF(E25="",0,IF($A25=1,$K25,IF($C25="",0,IF($K25-$T$9<0,0,$K25-$T$9)))) -> 0 | T25: =E25 -> 0 | U25: =F25 -> 0 | V25: =IFERROR(IF(T25="",0,U25-T25-J25),"") -> 0 | W25: =IFERROR(FLOOR(K25,TIME(0,VLOOKUP($C$3,#REF!,22,0),0)),"") | AG25: =(Z25-Y25)+(AB25-AA25)+(AD25-AC25)+(AF25-AE25) -> 0
A26: =IF(COUNTIFS(祝日参照用!A:A,C26)=1,1,IF(D26="土",1,IF(D26="日",1,0))) -> 0 | C26: =IF(C25="","",IF(DAY(C25+1)=1,"",C25+1)) -> 44902 | D26: =TEXT(C26,"aaa") -> 水 | H26: ～ | J26: =IFERROR(IF(G26="",0,I26-G26),"") -> 0 | K26: =IFERROR(IF(E26="",0,F26-E26-J26),"") -> 0 | L26: =IF(E26="",0,IF($A26=1,$K26,IF($C26="",0,IF($K26-$T$9<0,0,$K26-$T$9)))) -> 0 | T26: =E26 -> 0 | U26: =F26 -> 0 | V26: =IFERROR(IF(T26="",0,U26-T26-J26),"") -> 0 | W26: =IFERROR(FLOOR(K26,TIME(0,VLOOKUP($C$3,#REF!,22,0),0)),"") | AG26: =(Z26-Y26)+(AB26-AA26)+(AD26-AC26)+(AF26-AE26) -> 0
A27: =IF(COUNTIFS(祝日参照用!A:A,C27)=1,1,IF(D27="土",1,IF(D27="日",1,0))) -> 0 | C27: =IF(C26="","",IF(DAY(C26+1)=1,"",C26+1)) -> 44903 | D27: =TEXT(C27,"aaa") -> 木 | H27: ～ | J27: =IFERROR(IF(G27="",0,I27-G27),"") -> 0 | K27: =IFERROR(IF(E27="",0,F27-E27-J27),"") -> 0 | L27: =IF(E27="",0,IF($A27=1,$K27,IF($C27="",0,IF($K27-$T$9<0,0,$K27-$T$9)))) -> 0 | T27: =E27 -> 0 | U27: =F27 -> 0 | V27: =IFERROR(IF(T27="",0,U27-T27-J27),"") -> 0 | W27: =IFERROR(FLOOR(K27,TIME(0,VLOOKUP($C$3,#REF!,22,0),0)),"") | AG27: =(Z27-Y27)+(AB27-AA27)+(AD27-AC27)+(AF27-AE27) -> 0
A28: =IF(COUNTIFS(祝日参照用!A:A,C28)=1,1,IF(D28="土",1,IF(D28="日",1,0))) -> 0 | C28: =IF(C27="","",IF(DAY(C27+1)=1,"",C27+1)) -> 44904 | D28: =TEXT(C28,"aaa") -> 金 | H28: ～ | J28: =IFERROR(IF(G28="",0,I28-G28),"") -> 0 | K28: =IFERROR(IF(E28="",0,F28-E28-J28),"") -> 0 | L28: =IF(E28="",0,IF($A28=1,$K28,IF($C28="",0,IF($K28-$T$9<0,0,$K28-$T$9)))) -> 0 | T28: =E28 -> 0 | U28: =F28 -> 0 | V28: =IFERROR(IF(T28="",0,U28-T28-J28),"") -> 0 | W28: =IFERROR(FLOOR(K28,TIME(0,VLOOKUP($C$3,#REF!,22,0),0)),"") | AG28: =(Z28-Y28)+(AB28-AA28)+(AD28-AC28)+(AF28-AE28) -> 0
A29: =IF(COUNTIFS(祝日参照用!A:A,C29)=1,1,IF(D29="土",1,IF(D29="日",1,0))) -> 1 | C29: =IF(C28="","",IF(DAY(C28+1)=1,"",C28+1)) -> 44905 | D29: =TEXT(C29,"aaa") -> 土 | H29: ～ | J29: =IFERROR(IF(G29="",0,I29-G29),"") -> 0 | K29: =IFERROR(IF(E29="",0,F29-E29-J29),"") -> 0 | L29: =IF(E29="",0,IF($A29=1,$K29,IF($C29="",0,IF($K29-$T$9<0,0,$K29-$T$9)))) -> 0 | T29: =E29 -> 0 | U29: =F29 -> 0 | V29: =IFERROR(IF(T29="",0,U29-T29-J29),"") -> 0 | W29: =IFERROR(FLOOR(K29,TIME(0,VLOOKUP($C$3,#REF!,22,0),0)),"") | AG29: =(Z29-Y29)+(AB29-AA29)+(AD29-AC29)+(AF29-AE29) -> 0
A30: =IF(COUNTIFS(祝日参照用!A:A,C30)=1,1,IF(D30="土",1,IF(D30="日",1,0))) -> 1 | C30: =IF(C29="","",IF(DAY(C29+1)=1,"",C29+1)) -> 44906 | D30: =TEXT(C30,"aaa") -> 日 | H30: ～ | J30: =IFERROR(IF(G30="",0,I30-G30),"") -> 0 | K30: =IFERROR(IF(E30="",0,F30-E30-J30),"") -> 0 | L30: =IF(E30="",0,IF($A30=1,$K30,IF($C30="",0,IF($K30-$T$9<0,0,$K30-$T$9)))) -> 0 | T30: =E30 -> 0 | U30: =F30 -> 0 | V30: =IFERROR(IF(T30="",0,U30-T30-J30),"") -> 0 | W30: =IFERROR(FLOOR(K30,TIME(0,VLOOKUP($C$3,#REF!,22,0),0)),"") | AG30: =(Z30-Y30)+(AB30-AA30)+(AD30-AC30)+(AF30-AE30) -> 0
A31: =IF(COUNTIFS(祝日参照用!A:A,C31)=1,1,IF(D31="土",1,IF(D31="日",1,0))) -> 0 | C31: =IF(C30="","",IF(DAY(C30+1)=1,"",C30+1)) -> 44907 | D31: =TEXT(C31,"aaa") -> 月 | H31: ～ | J31: =IFERROR(IF(G31="",0,I31-G31),"") -> 0 | K31: =IFERROR(IF(E31="",0,F31-E31-J31),"") -> 0 | L31: =IF(E31="",0,IF($A31=1,$K31,IF($C31="",0,IF($K31-$T$9<0,0,$K31-$T$9)))) -> 0 | T31: =E31 -> 0 | U31: =F31 -> 0 | V31: =IFERROR(IF(T31="",0,U31-T31-J31),"") -> 0 | W31: =IFERROR(FLOOR(K31,TIME(0,VLOOKUP($C$3,#REF!,22,0),0)),"") | AG31: =(Z31-Y31)+(AB31-AA31)+(AD31-AC31)+(AF31-AE31) -> 0
A32: =IF(COUNTIFS(祝日参照用!A:A,C32)=1,1,IF(D32="土",1,IF(D32="日",1,0))) -> 0 | C32: =IF(C31="","",IF(DAY(C31+1)=1,"",C31+1)) -> 44908 | D32: =TEXT(C32,"aaa") -> 火 | H32: ～ | J32: =IFERROR(IF(G32="",0,I32-G32),"") -> 0 | K32: =IFERROR(IF(E32="",0,F32-E32-J32),"") -> 0 | L32: =IF(E32="",0,IF($A32=1,$K32,IF($C32="",0,IF($K32-$T$9<0,0,$K32-$T$9)))) -> 0 | T32: =E32 -> 0 | U32: =F32 -> 0 | V32: =IFERROR(IF(T32="",0,U32-T32-J32),"") -> 0 | W32: =IFERROR(FLOOR(K32,TIME(0,VLOOKUP($C$3,#REF!,22,0),0)),"") | AG32: =(Z32-Y32)+(AB32-AA32)+(AD32-AC32)+(AF32-AE32) -> 0
... A50: =IF(COUNTIFS(祝日参照用!A:A,C50)=1,1,IF(D50="土",1,IF(D50="日",1,0))) -> 1 | C50: =IF(C49="","",IF(DAY(C49+1)=1,"",C49+1)) -> 44926 | D50: =TEXT(C50,"aaa") -> 土 | H50: ～ | J50: =IFERROR(IF(G50="",0,I50-G50),"") -> 0 | K50: =IFERROR(IF(E50="",0,F50-E50-J50),"") -> 0 | L50: =IF(E50="",0,IF($A50=1,$K50,IF($C50="",0,IF($K50-$T$9<0,0,$K50-$T$9)))) -> 0 | T50: =E50 -> 0 | U50: =F50 -> 0 | V50: =IFERROR(IF(T50="",0,U50-T50-J50),"") -> 0 | W50: =IFERROR(FLOOR(K50,TIME(0,VLOOKUP($C$3,#REF!,22,0),0)),"") | AG50: =(Z50-Y50)+(AB50-AA50)+(AD50-AC50)+(AF50-AE50) -> 0
J51: =SUM(J20:J50) -> 0 | K51: =SUM(K20:K50) -> 0 | L51: =SUM(L20:L50) -> 0 | M51: =SUM(M20:M50) -> 0 | N51: =SUM(N20:N50) -> 0 | V51: =SUM(V20:V50) -> 0 | W51: =SUM(W20:W50) -> 0

Sheet 10月
C2: SuccessHolders 勤務報告書 | M2: (西暦) | O2: 2022 | Q2: 年 | R2: ='9月'!R2+1 -> 11 | S2: 月分 | X2: ≪入力方法について≫
C3: 社員1 | Q3: 勤務日数： | S3: =COUNTA(E20:E50)&"日" -> 0日 | X3: ・太枠内の記載をお願いします。
C4: 派遣先企業名 | N4: 派遣先事業所名 | Y4: 業務内容等は必要があれば記載をお願いします。「入力例」タブをご確認ください。
C5: 派遣先住所
C6: 就業部署名 | N6: 連絡先 | X6: ・休憩時間が複数ある場合
C7: 業務に伴う責任の程度 | F7: (業務内容) | N7: 役職名 | R7: 部下 人数 | Y7: 休憩1-4に休憩時間を入力してください。
C8: 実際の就業場所 | M8: 勤怠パターン | O8: 勤務時間 | R8: 休憩時間 | T8: 規定時間 | Y8: 休憩1-4の、合計時間をJ列の「休憩時間」に直接入力してください。
P9: ～ | T9: =Q9-O9-R9 -> 0 | Y9: G列とI列の入力は不要です。
P10: ～ | T10: =Q10-O10-R10 -> 0
P11: ～ | T11: =Q11-O11-R11 -> 0 | X11: ・深夜時間の勤務の場合、時間は下記のように退勤時刻（例 34：00）の記載をお願いします。
P12: ～ | T12: =Q12-O12-R12 -> 0 | Y12: 例：18：00～翌日10：00の場合
P13: ～ | T13: =Q13-O13-R13 -> 0 | Z13: 出勤時刻（18：00） 退勤時刻（34：00）
B14: 氏名 | C14: 氏名 | O14: フレックスタイム制 | Z14: 18時＋6時間（18時～24時合計）+10時間（0時～10時合計）＝34時間
O15: 変形労働時間制
Y16: 休憩時間が1時間以外で複数ある場合は、J列の計算式を削除して休憩時間を直接入力してください↓
C17: 例 | E17: 0.375 | F17: 0.76041667 | G17: 0.5 | I17: 0.54166667 | X17: 例 | Y17: 0.5 | Z17: 0.54166667 | AA17: 0.71875 | AB17: 0.72916667 | AC17: 0.77083333 | AD17: 0.79166667 | AE17: 0.89583333 | AF17: 0.91666667
Y18: 休憩1 | AA18: 休憩2 | AC18: 休憩3 | AE18: 休憩4
A19: 祝日判定 | C19: 月 日 | D19: 曜 日 | E19: 出勤 時刻 | F19: 退勤 時刻 | G19: 休憩 時刻 | J19: 休憩 時間 | K19: 所定 時間 | L19: 法定外 残業 | M19: 深夜 時間 | N19: 不就労 | O19: 業務内容・作業進捗状況・その他 | T19: 出勤時刻(KOT) | U19: 退勤時刻 (KOT) | V19: 所定時間 (KOT) | W19: 所定時間 (調整) | Y19: 開始 | Z19: 終了 | AA19: 開始 | AB19: 終了 | AC19: 開始 | AD19: 終了 | AE19: 開始 | AF19: 終了 | AG19: 休憩時間
A20: =IF(COUNTIFS(祝日参照用!A:A,C20)=1,1,IF(D20="土",1,IF(D20="日",1,0))) -> 0 | C20: =IFERROR(DATE(O2,R2,1),"") -> 44866 | D20: =TEXT(C20,"aaa") -> 火 | H20: ～ | J20: =IFERROR(IF(G20="",0,I20-G20),"") -> 0 | K20: =IFERROR(IF(E20="",0,F20-E20-J20),"") -> 0 | L20: =IF(E20="",0,IF($A20=1,$K20,IF($C20="",0,IF($K20-$T$9<0,0,$K20-$T$9)))) -> 0 | T20: =E20 -> 0 | U20: =F20 -> 0 | V20: =IFERROR(IF(T20="",0,U20-T20-J20),"") -> 0 | W20: =IFERROR(FLOOR(K20,TIME(0,VLOOKUP($C$3,#REF!,22,0),0)),"") | AG20: =(Z20-Y20)+(AB20-AA20)+(AD20-AC20)+(AF20-AE20) -> 0
A21: =IF(COUNTIFS(祝日参照用!A:A,C21)=1,1,IF(D21="土",1,IF(D21="日",1,0))) -> 0 | C21: =IF(C20="","",IF(DAY(C20+1)=1,"",C20+1)) -> 44867 | D21: =TEXT(C21,"aaa") -> 水 | H21: ～ | J21: =IFERROR(IF(G21="",0,I21-G21),"") -> 0 | K21: =IFERROR(IF(E21="",0,F21-E21-J21),"") -> 0 | L21: =IF(E21="",0,IF($A21=1,$K21,IF($C21="",0,IF($K21-$T$9<0,0,$K21-$T$9)))) -> 0 | T21: =E21 -> 0 | U21: =F21 -> 0 | V21: =IFERROR(IF(T21="",0,U21-T21-J21),"") -> 0 | W21: =IFERROR(FLOOR(K21,TIME(0,VLOOKUP($C$3,#REF!,22,0),0)),"") | AG21: =(Z21-Y21)+(AB21-AA21)+(AD21-AC21)+(AF21-AE21) -> 0
A22: =IF(COUNTIFS(祝日参照用!A:A,C22)=1,1,IF(D22="土",1,IF(D22="日",1,0))) -> 1 | C22: =IF(C21="","",IF(DAY(C21+1)=1,"",C21+1)) -> 44868 | D22: =TEXT(C22,"aaa") -> 木 | H22: ～ | J22: =IFERROR(IF(G22="",0,I22-G22),"") -> 0 | K22: =IFERROR(IF(E22="",0,F22-E22-J22),"") -> 0 | L22: =IF(E22="",0,IF($A22=1,$K22,IF($C22="",0,IF($K22-$T$9<0,0,$K22-$T$9)))) -> 0 | T22: =E22 -> 0 | U22: =F22 -> 0 | V22: =IFERROR(IF(T22="",0,U22-T22-J22),"") -> 0 | W22: =IFERROR(FLOOR(K22,TIME(0,VLOOKUP($C$3,#REF!,22,0),0)),"") | AG22: =(Z22-Y22)+(AB22-AA22)+(AD22-AC22)+(AF22-AE22) -> 0
A23: =IF(COUNTIFS(祝日参照用!A:A,C23)=1,1,IF(D23="土",1,IF(D23="日",1,0))) -> 0 | C23: =IF(C22="","",IF(DAY(C22+1)=1,"",C22+1)) -> 44869 | D23: =TEXT(C23,"aaa") -> 金 | H23: ～ | J23: =IFERROR(IF(G23="",0,I23-G23),"") -> 0 | K23: =IFERROR(IF(E23="",0,F23-E23-J23),"") -> 0 | L23: =IF(E23="",0,IF($A23=1,$K23,IF($C23="",0,IF($K23-$T$9<0,0,$K23-$T$9)))) -> 0 | T23: =E23 -> 0 | U23: =F23 -> 0 | V23: =IFERROR(IF(T23="",0,U23-T23-J23),"") -> 0 | W23: =IFERROR(FLOOR(K23,TIME(0,VLOOKUP($C$3,#REF!,22,0),0)),"") | AG23: =(Z23-Y23)+(AB23-AA23)+(AD23-AC23)+(AF23-AE23) -> 0
A24: =IF(COUNTIFS(祝日参照用!A:A,C24)=1,1,IF(D24="土",1,IF(D24="日",1,0))) -> 1 | C24: =IF(C23="","",IF(DAY(C23+1)=1,"",C23+1)) -> 44870 | D24: =TEXT(C24,"aaa") -> 土 | H24: ～ | J24: =IFERROR(IF(G24="",0,I24-G24),"") -> 0 | K24: =IFERROR(IF(E24="",0,F24-E24-J24),"") -> 0 | L24: =IF(E24="",0,IF($A24=1,$K24,IF($C24="",0,IF($K24-$T$9<0,0,$K24-$T$9)))) -> 0 | T24: =E24 -> 0 | U24: =F24 -> 0 | V24: =IFERROR(IF(T24="",0,U24-T24-J24),"") -> 0 | W24: =IFERROR(FLOOR(K24,TIME(0,VLOOKUP($C$3,#REF!,22,0),0)),"") | AG24: =(Z24-Y24)+(AB24-AA24)+(AD24-AC24)+(AF24-AE24) -> 0
A25: =IF(COUNTIFS(祝日参照用!A:A,C25)=1,1,IF(D25="土",1,IF(D25="日",1,0))) -> 1 | C25: =IF(C24="","",IF(DAY(C24+1)=1,"",C24+1)) -> 44871 | D25: =TEXT(C25,"aaa") -> 日 | H25: ～ | J25: =IFERROR(IF(G25="",0,I25-G25),"") -> 0 | K25: =IFERROR(IF(E25="",0,F25-E25-J25),"") -> 0 | L25: =IF(E25="",0,IF($A25=1,$K25,IF($C25="",0,IF($K25-$T$9<0,0,$K25-$T$9)))) -> 0 | T25: =E25 -> 0 | U25: =F25 -> 0 | V25: =IFERROR(IF(T25="",0,U25-T25-J25),"") -> 0 | W25: =IFERROR(FLOOR(K25,TIME(0,VLOOKUP($C$3,#REF!,22,0),0)),"") | AG25: =(Z25-Y25)+(AB25-AA25)+(AD25-AC25)+(AF25-AE25) -> 0
A26: =IF(COUNTIFS(祝日参照用!A:A,C26)=1,1,IF(D26="土",1,IF(D26="日",1,0))) -> 0 | C26: =IF(C25="","",IF(DAY(C25+1)=1,"",C25+1)) -> 44872 | D26: =TEXT(C26,"aaa") -> 月 | H26: ～ | J26: =IFERROR(IF(G26="",0,I26-G26),"") -> 0 | K26: =IFERROR(IF(E26="",0,F26-E26-J26),"") -> 0 | L26: =IF(E26="",0,IF($A26=1,$K26,IF($C26="",0,IF($K26-$T$9<0,0,$K26-$T$9)))) -> 0 | T26: =E26 -> 0 | U26: =F26 -> 0 | V26: =IFERROR(IF(T26="",0,U26-T26-J26),"") -> 0 | W26: =IFERROR(FLOOR(K26,TIME(0,VLOOKUP($C$3,#REF!,22,0),0)),"") | AG26: =(Z26-Y26)+(AB26-AA26)+(AD26-AC26)+(AF26-AE26) -> 0
A27: =IF(COUNTIFS(祝日参照用!A:A,C27)=1,1,IF(D27="土",1,IF(D27="日",1,0))) -> 0 | C27: =IF(C26="","",IF(DAY(C26+1)=1,"",C26+1)) -> 44873 | D27: =TEXT(C27,"aaa") -> 火 | H27: ～ | J27: =IFERROR(IF(G27="",0,I27-G27),"") -> 0 | K27: =IFERROR(IF(E27="",0,F27-E27-J27),"") -> 0 | L27: =IF(E27="",0,IF($A27=1,$K27,IF($C27="",0,IF($K27-$T$9<0,0,$K27-$T$9)))) -> 0 | T27: =E27 -> 0 | U27: =F27 -> 0 | V27: =IFERROR(IF(T27="",0,U27-T27-J27),"") -> 0 | W27: =IFERROR(FLOOR(K27,TIME(0,VLOOKUP($C$3,#REF!,22,0),0)),"") | AG27: =(Z27-Y27)+(AB27-AA27)+(AD27-AC27)+(AF27-AE27) -> 0
A28: =IF(COUNTIFS(祝日参照用!A:A,C28)=1,1,IF(D28="土",1,IF(D28="日",1,0))) -> 0 | C28: =IF(C27="","",IF(DAY(C27+1)=1,"",C27+1)) -> 44874 | D28: =TEXT(C28,"aaa") -> 水 | H28: ～ | J28: =IFERROR(IF(G28="",0,I28-G28),"") -> 0 | K28: =IFERROR(IF(E28="",0,F28-E28-J28),"") -> 0 | L28: =IF(E28="",0,IF($A28=1,$K28,IF($C28="",0,IF($K28-$T$9<0,0,$K28-$T$9)))) -> 0 | T28: =E28 -> 0 | U28: =F28 -> 0 | V28: =IFERROR(IF(T28="",0,U28-T28-J28),"") -> 0 | W28: =IFERROR(FLOOR(K28,TIME(0,VLOOKUP($C$3,#REF!,22,0),0)),"") | AG28: =(Z28-Y28)+(AB28-AA28)+(AD28-AC28)+(AF28-AE28) -> 0
A29: =IF(COUNTIFS(祝日参照用!A:A,C29)=1,1,IF(D29="土",1,IF(D29="日",1,0))) -> 0 | C29: =IF(C28="","",IF(DAY(C28+1)=1,"",C28+1)) -> 44875 | D29: =TEXT(C29,"aaa") -> 木 | H29: ～ | J29: =IFERROR(IF(G29="",0,I29-G29),"") -> 0 | K29: =IFERROR(IF(E29="",0,F29-E29-J29),"") -> 0 | L29: =IF(E29="",0,IF($A29=1,$K29,IF($C29="",0,IF($K29-$T$9<0,0,$K29-$T$9)))) -> 0 | T29: =E29 -> 0 | U29: =F29 -> 0 | V29: =IFERROR(IF(T29="",0,U29-T29-J29),"") -> 0 | W29: =IFERROR(FLOOR(K29,TIME(0,VLOOKUP($C$3,#REF!,22,0),0)),"") | AG29: =(Z29-Y29)+(AB29-AA29)+(AD29-AC29)+(AF29-AE29) -> 0
A30: =IF(COUNTIFS(祝日参照用!A:A,C30)=1,1,IF(D30="土",1,IF(D30="日",1,0))) -> 0 | C30: =IF(C29="","",IF(DAY(C29+1)=1,"",C29+1)) -> 44876 | D30: =TEXT(C30,"aaa") -> 金 | H30: ～ | J30: =IFERROR(IF(G30="",0,I30-G30),"") -> 0 | K30: =IFERROR(IF(E30="",0,F30-E30-J30),"") -> 0 | L30: =IF(E30="",0,IF($A30=1,$K30,IF($C30="",0,IF($K30-$T$9<0,0,$K30-$T$9)))) -> 0 | T30: =E30 -> 0 | U30: =F30 -> 0 | V30: =IFERROR(IF(T30="",0,U30-T30-J30),"") -> 0 | W30: =IFERROR(FLOOR(K30,TIME(0,VLOOKUP($C$3,#REF!,22,0),0)),"") | AG30: =(Z30-Y30)+(AB30-AA30)+(AD30-AC30)+(AF30-AE30) -> 0
A31: =IF(COUNTIFS(祝日参照用!A:A,C31)=1,1,IF(D31="土",1,IF(D31="日",1,0))) -> 1 | C31: =IF(C30="","",IF(DAY(C30+1)=1,"",C30+1)) -> 44877 | D31: =TEXT(C31,"aaa") -> 土 | H31: ～ | J31: =IFERROR(IF(G31="",0,I31-G31),"") -> 0 | K31: =IFERROR(IF(E31="",0,F31-E31-J31),"") -> 0 | L31: =IF(E31="",0,IF($A31=1,$K31,IF($C31="",0,IF($K31-$T$9<0,0,$K31-$T$9)))) -> 0 | T31: =E31 -> 0 | U31: =F31 -> 0 | V31: =IFERROR(IF(T31="",0,U31-T31-J31),"") -> 0 | W31: =IFERROR(FLOOR(K31,TIME(0,VLOOKUP($C$3,#REF!,22,0),0)),"") | AG31: =(Z31-Y31)+(AB31-AA31)+(AD31-AC31)+(AF31-AE31) -> 0
A32: =IF(COUNTIFS(祝日参照用!A:A,C32)=1,1,IF(D32="土",1,IF(D32="日",1,0))) -> 1 | C32: =IF(C31="","",IF(DAY(C31+1)=1,"",C31+1)) -> 44878 | D32: =TEXT(C32,"aaa") -> 日 | H32: ～ | J32: =IFERROR(IF(G32="",0,I32-G32),"") -> 0 | K32: =IFERROR(IF(E32="",0,F32-E32-J32),"") -> 0 | L32: =IF(E32="",0,IF($A32=1,$K32,IF($C32="",0,IF($K32-$T$9<0,0,$K32-$T$9)))) -> 0 | T32: =E32 -> 0 | U32: =F32 -> 0 | V32: =IFERROR(IF(T32="",0,U32-T32-J32),"") -> 0 | W32: =IFERROR(FLOOR(K32,TIME(0,VLOOKUP($C$3,#REF!,22,0),0)),"") | AG32: =(Z32-Y32)+(AB32-AA32)+(AD32-AC32)+(AF32-AE32) -> 0
... A50: =IF(COUNTIFS(祝日参照用!A:A,C50)=1,1,IF(D50="土",1,IF(D50="日",1,0))) -> 0 | C50: =IF(C49="","",IF(DAY(C49+1)=1,"",C49+1)) | D50: =TEXT(C50,"aaa") | H50: ～ | J50: =IFERROR(IF(G50="",0,I50-G50),"") -> 0 | K50: =IFERROR(IF(E50="",0,F50-E50-J50),"") -> 0 | L50: =IF(E50="",0,IF($A50=1,$K50,IF($C50="",0,IF($K50-$T$9<0,0,$K50-$T$9)))) -> 0 | T50: =E50 -> 0 | U50: =F50 -> 0 | V50: =IFERROR(IF(T50="",0,U50-T50-J50),"") -> 0 | W50: =IFERROR(FLOOR(K50,TIME(0,VLOOKUP($C$3,#REF!,22,0),0)),"") | AG50: =(Z50-Y50)+(AB50-AA50)+(AD50-AC50)+(AF50-AE50) -> 0
J51: =SUM(J20:J50) -> 0 | K51: =SUM(K20:K50) -> 0 | L51: =SUM(L20:L50) -> 0 | M51: =SUM(M20:M50) -> 0 | N51: =SUM(N20:N50) -> 0 | V51: =SUM(V20:V50) -> 0 | W51: =SUM(W20:W50) -> 0

Sheet 9月
C2: SuccessHolders 勤務報告書 | M2: (西暦) | O2: 2022 | Q2: 年 | R2: ='7月'!R2+1 -> 10 | S2: 月分 | X2: ≪入力方法について≫
C3: 社員1 | Q3: 勤務日数： | S3: =COUNTA(E20:E50)&"日" -> 0日 | X3: ・太枠内の記載をお願いします。
C4: 派遣先企業名 | N4: 派遣先事業所名 | Y4: 業務内容等は必要があれば記載をお願いします。「入力例」タブをご確認ください。
C5: 派遣先住所
C6: 就業部署名 | N6: 連絡先 | X6: ・休憩時間が複数ある場合
C7: 業務に伴う責任の程度 | F7: (業務内容) | N7: 役職名 | R7: 部下 人数 | Y7: 休憩1-4に休憩時間を入力してください。
C8: 実際の就業場所 | M8: 勤怠パターン | O8: 勤務時間 | R8: 休憩時間 | T8: 規定時間 | Y8: 休憩1-4の、合計時間をJ列の「休憩時間」に直接入力してください。
P9: ～ | T9: =Q9-O9-R9 -> 0 | Y9: G列とI列の入力は不要です。
P10: ～ | T10: =Q10-O10-R10 -> 0
P11: ～ | T11: =Q11-O11-R11 -> 0 | X11: ・深夜時間の勤務の場合、時間は下記のように退勤時刻（例 34：00）の記載をお願いします。
P12: ～ | T12: =Q12-O12-R12 -> 0 | Y12: 例：18：00～翌日10：00の場合
P13: ～ | T13: =Q13-O13-R13 -> 0 | Z13: 出勤時刻（18：00） 退勤時刻（34：00）
B14: 氏名 | C14: 氏名 | O14: フレックスタイム制 | Z14: 18時＋6時間（18時～24時合計）+10時間（0時～10時合計）＝34時間
O15: 変形労働時間制
Y16: 休憩時間が1時間以外で複数ある場合は、J列の計算式を削除して休憩時間を直接入力してください↓
C17: 例 | E17: 0.375 | F17: 0.76041667 | G17: 0.5 | I17: 0.54166667 | X17: 例 | Y17: 0.5 | Z17: 0.54166667 | AA17: 0.71875 | AB17: 0.72916667 | AC17: 0.77083333 | AD17: 0.79166667 | AE17: 0.89583333 | AF17: 0.91666667
Y18: 休憩1 | AA18: 休憩2 | AC18: 休憩3 | AE18: 休憩4
A19: 祝日判定 | C19: 月 日 | D19: 曜 日 | E19: 出勤 時刻 | F19: 退勤 時刻 | G19: 休憩 時刻 | J19: 休憩 時間 | K19: 所定 時間 | L19: 法定外 残業 | M19: 深夜 時間 | N19: 不就労 | O19: 業務内容・作業進捗状況・その他 | T19: 出勤時刻(KOT) | U19: 退勤時刻 (KOT) | V19: 所定時間 (KOT) | W19: 所定時間 (調整) | Y19: 開始 | Z19: 終了 | AA19: 開始 | AB19: 終了 | AC19: 開始 | AD19: 終了 | AE19: 開始 | AF19: 終了 | AG19: 休憩時間
A20: =IF(COUNTIFS(祝日参照用!A:A,C20)=1,1,IF(D20="土",1,IF(D20="日",1,0))) -> 1 | C20: =IFERROR(DATE(O2,R2,1),"") -> 44835 | D20: =TEXT(C20,"aaa") -> 土 | H20: ～ | J20: =IFERROR(IF(G20="",0,I20-G20),"") -> 0 | K20: =IFERROR(IF(E20="",0,F20-E20-J20),"") -> 0 | L20: =IF(E20="",0,IF($A20=1,$K20,IF($C20="",0,IF($K20-$T$9<0,0,$K20-$T$9)))) -> 0 | T20: =E20 -> 0 | U20: =F20 -> 0 | V20: =IFERROR(IF(T20="",0,U20-T20-J20),"") -> 0 | W20: =IFERROR(FLOOR(K20,TIME(0,VLOOKUP($C$3,#REF!,22,0),0)),"") | AG20: =(Z20-Y20)+(AB20-AA20)+(AD20-AC20)+(AF20-AE20) -> 0
A21: =IF(COUNTIFS(祝日参照用!A:A,C21)=1,1,IF(D21="土",1,IF(D21="日",1,0))) -> 1 | C21: =IF(C20="","",IF(DAY(C20+1)=1,"",C20+1)) -> 44836 | D21: =TEXT(C21,"aaa") -> 日 | H21: ～ | J21: =IFERROR(IF(G21="",0,I21-G21),"") -> 0 | K21: =IFERROR(IF(E21="",0,F21-E21-J21),"") -> 0 | L21: =IF(E21="",0,IF($A21=1,$K21,IF($C21="",0,IF($K21-$T$9<0,0,$K21-$T$9)))) -> 0 | T21: =E21 -> 0 | U21: =F21 -> 0 | V21: =IFERROR(IF(T21="",0,U21-T21-J21),"") -> 0 | W21: =IFERROR(FLOOR(K21,TIME(0,VLOOKUP($C$3,#REF!,22,0),0)),"") | AG21: =(Z21-Y21)+(AB21-AA21)+(AD21-AC21)+(AF21-AE21) -> 0
A22: =IF(COUNTIFS(祝日参照用!A:A,C22)=1,1,IF(D22="土",1,IF(D22="日",1,0))) -> 0 | C22: =IF(C21="","",IF(DAY(C21+1)=1,"",C21+1)) -> 44837 | D22: =TEXT(C22,"aaa") -> 月 | H22: ～ | J22: =IFERROR(IF(G22="",0,I22-G22),"") -> 0 | K22: =IFERROR(IF(E22="",0,F22-E22-J22),"") -> 0 | L22: =IF(E22="",0,IF($A22=1,$K22,IF($C22="",0,IF($K22-$T$9<0,0,$K22-$T$9)))) -> 0 | T22: =E22 -> 0 | U22: =F22 -> 0 | V22: =IFERROR(IF(T22="",0,U22-T22-J22),"") -> 0 | W22: =IFERROR(FLOOR(K22,TIME(0,VLOOKUP($C$3,#REF!,22,0),0)),"") | AG22: =(Z22-Y22)+(AB22-AA22)+(AD22-AC22)+(AF22-AE22) -> 0
A23: =IF(COUNTIFS(祝日参照用!A:A,C23)=1,1,IF(D23="土",1,IF(D23="日",1,0))) -> 0 | C23: =IF(C22="","",IF(DAY(C22+1)=1,"",C22+1)) -> 44838 | D23: =TEXT(C23,"aaa") -> 火 | H23: ～ | J23: =IFERROR(IF(G23="",0,I23-G23),"") -> 0 | K23: =IFERROR(IF(E23="",0,F23-E23-J23),"") -> 0 | L23: =IF(E23="",0,IF($A23=1,$K23,IF($C23="",0,IF($K23-$T$9<0,0,$K23-$T$9)))) -> 0 | T23: =E23 -> 0 | U23: =F23 -> 0 | V23: =IFERROR(IF(T23="",0,U23-T23-J23),"") -> 0 | W23: =IFERROR(FLOOR(K23,TIME(0,VLOOKUP($C$3,#REF!,22,0),0)),"") | AG23: =(Z23-Y23)+(AB23-AA23)+(AD23-AC23)+(AF23-AE23) -> 0
A24: =IF(COUNTIFS(祝日参照用!A:A,C24)=1,1,IF(D24="土",1,IF(D24="日",1,0))) -> 0 | C24: =IF(C23="","",IF(DAY(C23+1)=1,"",C23+1)) -> 44839 | D24: =TEXT(C24,"aaa") -> 水 | H24: ～ | J24: =IFERROR(IF(G24="",0,I24-G24),"") -> 0 | K24: =IFERROR(IF(E24="",0,F24-E24-J24),"") -> 0 | L24: =IF(E24="",0,IF($A24=1,$K24,IF($C24="",0,IF($K24-$T$9<0,0,$K24-$T$9)))) -> 0 | T24: =E24 -> 0 | U24: =F24 -> 0 | V24: =IFERROR(IF(T24="",0,U24-T24-J24),"") -> 0 | W24: =IFERROR(FLOOR(K24,TIME(0,VLOOKUP($C$3,#REF!,22,0),0)),"") | AG24: =(Z24-Y24)+(AB24-AA24)+(AD24-AC24)+(AF24-AE24) -> 0
A25: =IF(COUNTIFS(祝日参照用!A:A,C25)=1,1,IF(D25="土",1,IF(D25="日",1,0))) -> 0 | C25: =IF(C24="","",IF(DAY(C24+1)=1,"",C24+1)) -> 44840 | D25: =TEXT(C25,"aaa") -> 木 | H25: ～ | J25: =IFERROR(IF(G25="",0,I25-G25),"") -> 0 | K25: =IFERROR(IF(E25="",0,F25-E25-J25),"") -> 0 | L25: =IF(E25="",0,IF($A25=1,$K25,IF($C25="",0,IF($K25-$T$9<0,0,$K25-$T$9)))) -> 0 | T25: =E25 -> 0 | U25: =F25 -> 0 | V25: =IFERROR(IF(T25="",0,U25-T25-J25),"") -> 0 | W25: =IFERROR(FLOOR(K25,TIME(0,VLOOKUP($C$3,#REF!,22,0),0)),"") | AG25: =(Z25-Y25)+(AB25-AA25)+(AD25-AC25)+(AF25-AE25) -> 0
A26: =IF(COUNTIFS(祝日参照用!A:A,C26)=1,1,IF(D26="土",1,IF(D26="日",1,0))) -> 0 | C26: =IF(C25="","",IF(DAY(C25+1)=1,"",C25+1)) -> 44841 | D26: =TEXT(C26,"aaa") -> 金 | H26: ～ | J26: =IFERROR(IF(G26="",0,I26-G26),"") -> 0 | K26: =IFERROR(IF(E26="",0,F26-E26-J26),"") -> 0 | L26: =IF(E26="",0,IF($A26=1,$K26,IF($C26="",0,IF($K26-$T$9<0,0,$K26-$T$9)))) -> 0 | T26: =E26 -> 0 | U26: =F26 -> 0 | V26: =IFERROR(IF(T26="",0,U26-T26-J26),"") -> 0 | W26: =IFERROR(FLOOR(K26,TIME(0,VLOOKUP($C$3,#REF!,22,0),0)),"") | AG26: =(Z26-Y26)+(AB26-AA26)+(AD26-AC26)+(AF26-AE26) -> 0
A27: =IF(COUNTIFS(祝日参照用!A:A,C27)=1,1,IF(D27="土",1,IF(D27="日",1,0))) -> 1 | C27: =IF(C26="","",IF(DAY(C26+1)=1,"",C26+1)) -> 44842 | D27: =TEXT(C27,"aaa") -> 土 | H27: ～ | J27: =IFERROR(IF(G27="",0,I27-G27),"") -> 0 | K27: =IFERROR(IF(E27="",0,F27-E27-J27),"") -> 0 | L27: =IF(E27="",0,IF($A27=1,$K27,IF($C27="",0,IF($K27-$T$9<0,0,$K27-$T$9)))) -> 0 | T27: =E27 -> 0 | U27: =F27 -> 0 | V27: =IFERROR(IF(T27="",0,U27-T27-J27),"") -> 0 | W27: =IFERROR(FLOOR(K27,TIME(0,VLOOKUP($C$3,#REF!,22,0),0)),"") | AG27: =(Z27-Y27)+(AB27-AA27)+(AD27-AC27)+(AF27-AE27) -> 0
A28: =IF(COUNTIFS(祝日参照用!A:A,C28)=1,1,IF(D28="土",1,IF(D28="日",1,0))) -> 1 | C28: =IF(C27="","",IF(DAY(C27+1)=1,"",C27+1)) -> 44843 | D28: =TEXT(C28,"aaa") -> 日 | H28: ～ | J28: =IFERROR(IF(G28="",0,I28-G28),"") -> 0 | K28: =IFERROR(IF(E28="",0,F28-E28-J28),"") -> 0 | L28: =IF(E28="",0,IF($A28=1,$K28,IF($C28="",0,IF($K28-$T$9<0,0,$K28-$T$9)))) -> 0 | T28: =E28 -> 0 | U28: =F28 -> 0 | V28: =IFERROR(IF(T28="",0,U28-T28-J28),"") -> 0 | W28: =IFERROR(FLOOR(K28,TIME(0,VLOOKUP($C$3,#REF!,22,0),0)),"") | AG28: =(Z28-Y28)+(AB28-AA28)+(AD28-AC28)+(AF28-AE28) -> 0
A29: =IF(COUNTIFS(祝日参照用!A:A,C29)=1,1,IF(D29="土",1,IF(D29="日",1,0))) -> 1 | C29: =IF(C28="","",IF(DAY(C28+1)=1,"",C28+1)) -> 44844 | D29: =TEXT(C29,"aaa") -> 月 | H29: ～ | J29: =IFERROR(IF(G29="",0,I29-G29),"") -> 0 | K29: =IFERROR(IF(E29="",0,F29-E29-J29),"") -> 0 | L29: =IF(E29="",0,IF($A29=1,$K29,IF($C29="",0,IF($K29-$T$9<0,0,$K29-$T$9)))) -> 0 | T29: =E29 -> 0 | U29: =F29 -> 0 | V29: =IFERROR(IF(T29="",0,U29-T29-J29),"") -> 0 | W29: =IFERROR(FLOOR(K29,TIME(0,VLOOKUP($C$3,#REF!,22,0),0)),"") | AG29: =(Z29-Y29)+(AB29-AA29)+(AD29-AC29)+(AF29-AE29) -> 0
A30: =IF(COUNTIFS(祝日参照用!A:A,C30)=1,1,IF(D30="土",1,IF(D30="日",1,0))) -> 0 | C30: =IF(C29="","",IF(DAY(C29+1)=1,"",C29+1)) -> 44845 | D30: =TEXT(C30,"aaa") -> 火 | H30: ～ | J30: =IFERROR(IF(G30="",0,I30-G30),"") -> 0 | K30: =IFERROR(IF(E30="",0,F30-E30-J30),"") -> 0 | L30: =IF(E30="",0,IF($A30=1,$K30,IF($C30="",0,IF($K30-$T$9<0,0,$K30-$T$9)))) -> 0 | T30: =E30 -> 0 | U30: =F30 -> 0 | V30: =IFERROR(IF(T30="",0,U30-T30-J30),"") -> 0 | W30: =IFERROR(FLOOR(K30,TIME(0,VLOOKUP($C$3,#REF!,22,0),0)),"") | AG30: =(Z30-Y30)+(AB30-AA30)+(AD30-AC30)+(AF30-AE30) -> 0
A31: =IF(COUNTIFS(祝日参照用!A:A,C31)=1,1,IF(D31="土",1,IF(D31="日",1,0))) -> 0 | C31: =IF(C30="","",IF(DAY(C30+1)=1,"",C30+1)) -> 44846 | D31: =TEXT(C31,"aaa") -> 水 | H31: ～ | J31: =IFERROR(IF(G31="",0,I31-G31),"") -> 0 | K31: =IFERROR(IF(E31="",0,F31-E31-J31),"") -> 0 | L31: =IF(E31="",0,IF($A31=1,$K31,IF($C31="",0,IF($K31-$T$9<0,0,$K31-$T$9)))) -> 0 | T31: =E31 -> 0 | U31: =F31 -> 0 | V31: =IFERROR(IF(T31="",0,U31-T31-J31),"") -> 0 | W31: =IFERROR(FLOOR(K31,TIME(0,VLOOKUP($C$3,#REF!,22,0),0)),"") | AG31: =(Z31-Y31)+(AB31-AA31)+(AD31-AC31)+(AF31-AE31) -> 0
A32: =IF(COUNTIFS(祝日参照用!A:A,C32)=1,1,IF(D32="土",1,IF(D32="日",1,0))) -> 0 | C32: =IF(C31="","",IF(DAY(C31+1)=1,"",C31+1)) -> 44847 | D32: =TEXT(C32,"aaa") -> 木 | H32: ～ | J32: =IFERROR(IF(G32="",0,I32-G32),"") -> 0 | K32: =IFERROR(IF(E32="",0,F32-E32-J32),"") -> 0 | L32: =IF(E32="",0,IF($A32=1,$K32,IF($C32="",0,IF($K32-$T$9<0,0,$K32-$T$9)))) -> 0 | T32: =E32 -> 0 | U32: =F32 -> 0 | V32: =IFERROR(IF(T32="",0,U32-T32-J32),"") -> 0 | W32: =IFERROR(FLOOR(K32,TIME(0,VLOOKUP($C$3,#REF!,22,0),0)),"") | AG32: =(Z32-Y32)+(AB32-AA32)+(AD32-AC32)+(AF32-AE32) -> 0
... A50: =IF(COUNTIFS(祝日参照用!A:A,C50)=1,1,IF(D50="土",1,IF(D50="日",1,0))) -> 0 | C50: =IF(C49="","",IF(DAY(C49+1)=1,"",C49+1)) -> 44865 | D50: =TEXT(C50,"aaa") -> 月 | H50: ～ | J50: =IFERROR(IF(G50="",0,I50-G50),"") -> 0 | K50: =IFERROR(IF(E50="",0,F50-E50-J50),"") -> 0 | L50: =IF(E50="",0,IF($A50=1,$K50,IF($C50="",0,IF($K50-$T$9<0,0,$K50-$T$9)))) -> 0 | T50: =E50 -> 0 | U50: =F50 -> 0 | V50: =IFERROR(IF(T50="",0,U50-T50-J50),"") -> 0 | W50: =IFERROR(FLOOR(K50,TIME(0,VLOOKUP($C$3,#REF!,22,0),0)),"") | AG50: =(Z50-Y50)+(AB50-AA50)+(AD50-AC50)+(AF50-AE50) -> 0
J51: =SUM(J20:J50) -> 0 | K51: =SUM(K20:K50) -> 0 | L51: =SUM(L20:L50) -> 0 | M51: =SUM(M20:M50) -> 0 | N51: =SUM(N20:N50) -> 0 | V51: =SUM(V20:V50) -> 0 | W51: =SUM(W20:W50) -> 0

Sheet 7月
C2: SuccessHolders 勤務報告書 | M2: (西暦) | O2: 2024 | Q2: 年 | R2: 9 | S2: 月分 | X2: ≪入力方法について≫
C3: 社員1 | Q3: 勤務日数： | S3: =COUNTA(E20:E50)&"日" -> 21日 | X3: ・太枠内の記載をお願いします。
C4: 派遣先企業名 | F4: 株式会社アイテック | N4: 派遣先事業所名 | Q4: 野村證券株式会社 | Y4: 業務内容等は必要があれば記載をお願いします。「入力例」タブをご確認ください。
C5: 派遣先住所 | F5: 東京都江東区豊洲二丁目2番1号 豊洲ベイサイドクロスタワー
C6: 就業部署名 | F6: Corpデスクトップサポート | N6: 連絡先 | O6: 03-3211-1811 | X6: ・休憩時間が複数ある場合
C7: 業務に伴う責任の程度 | F7: (業務内容) サポートデスク | N7: 役職名 | R7: 部下 人数 | Y7: 休憩1-4に休憩時間を入力してください。
C8: 実際の就業場所 | F8: 野村証券株式会社 | M8: 勤怠パターン | O8: 勤務時間 | R8: 休憩時間 | T8: 規定時間 | Y8: 休憩1-4の、合計時間をJ列の「休憩時間」に直接入力してください。
O9: 0.4375 | P9: ～ | Q9: 0.79166667 | R9: 13:00~14:00 | T9: =Q9-O9-R9 -> #VALUE! | Y9: G列とI列の入力は不要です。
P10: ～ | T10: =Q10-O10-R10 -> 0
P11: ～ | T11: =Q11-O11-R11 -> 0 | X11: ・深夜時間の勤務の場合、時間は下記のように退勤時刻（例 34：00）の記載をお願いします。
P12: ～ | T12: =Q12-O12-R12 -> 0 | Y12: 例：18：00～翌日10：00の場合
P13: ～ | T13: =Q13-O13-R13 -> 0 | Z13: 出勤時刻（18：00） 退勤時刻（34：00）
B14: 氏名 | C14: 氏名 | F14: 佐久間翔太 | O14: フレックスタイム制 | Z14: 18時＋6時間（18時～24時合計）+10時間（0時～10時合計）＝34時間
O15: 変形労働時間制
Y16: 休憩時間が1時間以外で複数ある場合は、J列の計算式を削除して休憩時間を直接入力してください↓
C17: 例 | E17: 0.375 | F17: 0.76041667 | G17: 0.5 | I17: 0.54166667 | X17: 例 | Y17: 0.5 | Z17: 0.54166667 | AA17: 0.71875 | AB17: 0.72916667 | AC17: 0.77083333 | AD17: 0.79166667 | AE17: 0.89583333 | AF17: 0.91666667
Y18: 休憩1 | AA18: 休憩2 | AC18: 休憩3 | AE18: 休憩4
A19: 祝日判定 | C19: 月 日 | D19: 曜 日 | E19: 出勤 時刻 | F19: 退勤 時刻 | G19: 休憩 時刻 | J19: 休憩 時間 | K19: 所定 時間 | L19: 法定外 残業 | M19: 深夜 時間 | N19: 不就労 | O19: 業務内容・作業進捗状況・その他 | T19: 出勤時刻(KOT) | U19: 退勤時刻 (KOT) | V19: 所定時間 (KOT) | W19: 所定時間 (調整) | Y19: 開始 | Z19: 終了 | AA19: 開始 | AB19: 終了 | AC19: 開始 | AD19: 終了 | AE19: 開始 | AF19: 終了 | AG19: 休憩時間
A20: =IF(COUNTIFS(祝日参照用!A:A,C20)=1,1,IF(D20="土",1,IF(D20="日",1,0))) -> 1 | C20: =IFERROR(DATE(O2,R2,1),"") -> 45536 | D20: =TEXT(C20,"aaa") -> 日 | AG20: =(Z20-Y20)+(AB20-AA20)+(AD20-AC20)+(AF20-AE20) -> 0
A21: =IF(COUNTIFS(祝日参照用!A:A,C21)=1,1,IF(D21="土",1,IF(D21="日",1,0))) -> 0 | C21: =IF(C20="","",IF(DAY(C20+1)=1,"",C20+1)) -> 45537 | D21: =TEXT(C21,"aaa") -> 月 | E21: 0.4375 | F21: 0.79166667 | G21: 0.54166667 | H21: ～ | I21: 0.58333333 | J21: =IFERROR(IF(G21="",0,I21-G21),"") -> 0.041666667 | K21: =IFERROR(IF(E21="",0,F21-E21-J21),"") -> 0.3125 | O21: サポートデスク | T21: =E21 -> 0.4375 | U21: =F21 -> 0.79166667 | V21: =IFERROR(IF(T21="",0,U21-T21-J21),"") -> 0.3125 | W21: =IFERROR(FLOOR(K21,TIME(0,VLOOKUP($C$3,#REF!,22,0),0)),"") | AG21: =(Z21-Y21)+(AB21-AA21)+(AD21-AC21)+(AF21-AE21) -> 0
A22: =IF(COUNTIFS(祝日参照用!A:A,C22)=1,1,IF(D22="土",1,IF(D22="日",1,0))) -> 0 | C22: =IF(C21="","",IF(DAY(C21+1)=1,"",C21+1)) -> 45538 | D22: =TEXT(C22,"aaa") -> 火 | E22: 0.4375 | F22: 0.79166667 | G22: 0.54166667 | H22: ～ | I22: 0.58333333 | J22: =IFERROR(IF(G22="",0,I22-G22),"") -> 0.041666667 | K22: =IFERROR(IF(E22="",0,F22-E22-J22),"") -> 0.3125 | O22: サポートデスク | T22: =E22 -> 0.4375 | U22: =F22 -> 0.79166667 | V22: =IFERROR(IF(T22="",0,U22-T22-J22),"") -> 0.3125 | W22: =IFERROR(FLOOR(K22,TIME(0,VLOOKUP($C$3,#REF!,22,0),0)),"") | AG22: =(Z22-Y22)+(AB22-AA22)+(AD22-AC22)+(AF22-AE22) -> 0
A23: =IF(COUNTIFS(祝日参照用!A:A,C23)=1,1,IF(D23="土",1,IF(D23="日",1,0))) -> 0 | C23: =IF(C22="","",IF(DAY(C22+1)=1,"",C22+1)) -> 45539 | D23: =TEXT(C23,"aaa") -> 水 | E23: 0.4375 | F23: 0.79166667 | G23: 0.54166667 | H23: ～ | I23: 0.58333333 | J23: =IFERROR(IF(G23="",0,I23-G23),"") -> 0.041666667 | K23: =IFERROR(IF(E23="",0,F23-E23-J23),"") -> 0.3125 | O23: サポートデスク | T23: =E23 -> 0.4375 | U23: =F23 -> 0.79166667 | V23: =IFERROR(IF(T23="",0,U23-T23-J23),"") -> 0.3125 | W23: =IFERROR(FLOOR(K23,TIME(0,VLOOKUP($C$3,#REF!,22,0),0)),"") | AG23: =(Z23-Y23)+(AB23-AA23)+(AD23-AC23)+(AF23-AE23) -> 0
A24: =IF(COUNTIFS(祝日参照用!A:A,C24)=1,1,IF(D24="土",1,IF(D24="日",1,0))) -> 0 | C24: =IF(C23="","",IF(DAY(C23+1)=1,"",C23+1)) -> 45540 | D24: =TEXT(C24,"aaa") -> 木 | E24: 0.4375 | F24: 0.79166667 | G24: 0.54166667 | H24: ～ | I24: 0.58333333 | J24: =IFERROR(IF(G24="",0,I24-G24),"") -> 0.041666667 | K24: =IFERROR(IF(E24="",0,F24-E24-J24),"") -> 0.3125 | O24: サポートデスク | T24: =E24 -> 0.4375 | U24: =F24 -> 0.79166667 | V24: =IFERROR(IF(T24="",0,U24-T24-J24),"") -> 0.3125 | W24: =IFERROR(FLOOR(K24,TIME(0,VLOOKUP($C$3,#REF!,22,0),0)),"") | AG24: =(Z24-Y24)+(AB24-AA24)+(AD24-AC24)+(AF24-AE24) -> 0
A25: =IF(COUNTIFS(祝日参照用!A:A,C25)=1,1,IF(D25="土",1,IF(D25="日",1,0))) -> 0 | C25: =IF(C24="","",IF(DAY(C24+1)=1,"",C24+1)) -> 45541 | D25: =TEXT(C25,"aaa") -> 金 | E25: 0.4375 | F25: 0.79166667 | G25: 0.54166667 | H25: ～ | I25: 0.58333333 | J25: =IFERROR(IF(G25="",0,I25-G25),"") -> 0.041666667 | K25: =IFERROR(IF(E25="",0,F25-E25-J25),"") -> 0.3125 | O25: サポートデスク | T25: =E25 -> 0.4375 | U25: =F25 -> 0.79166667 | V25: =IFERROR(IF(T25="",0,U25-T25-J25),"") -> 0.3125 | W25: =IFERROR(FLOOR(K25,TIME(0,VLOOKUP($C$3,#REF!,22,0),0)),"") | AG25: =(Z25-Y25)+(AB25-AA25)+(AD25-AC25)+(AF25-AE25) -> 0
A26: =IF(COUNTIFS(祝日参照用!A:A,C26)=1,1,IF(D26="土",1,IF(D26="日",1,0))) -> 1 | C26: =IF(C25="","",IF(DAY(C25+1)=1,"",C25+1)) -> 45542 | D26: =TEXT(C26,"aaa") -> 土 | W26: =IFERROR(FLOOR(K26,TIME(0,VLOOKUP($C$3,#REF!,22,0),0)),"") | AG26: =(Z26-Y26)+(AB26-AA26)+(AD26-AC26)+(AF26-AE26) -> 0
A27: =IF(COUNTIFS(祝日参照用!A:A,C27)=1,1,IF(D27="土",1,IF(D27="日",1,0))) -> 1 | C27: =IF(C26="","",IF(DAY(C26+1)=1,"",C26+1)) -> 45543 | D27: =TEXT(C27,"aaa") -> 日 | W27: =IFERROR(FLOOR(K27,TIME(0,VLOOKUP($C$3,#REF!,22,0),0)),"") | AG27: =(Z27-Y27)+(AB27-AA27)+(AD27-AC27)+(AF27-AE27) -> 0
A28: =IF(COUNTIFS(祝日参照用!A:A,C28)=1,1,IF(D28="土",1,IF(D28="日",1,0))) -> 0 | C28: =IF(C27="","",IF(DAY(C27+1)=1,"",C27+1)) -> 45544 | D28: =TEXT(C28,"aaa") -> 月 | E28: 0.4375 | F28: 0.79166667 | G28: 0.54166667 | H28: ～ | I28: 0.58333333 | J28: =IFERROR(IF(G28="",0,I28-G28),"") -> 0.041666667 | K28: =IFERROR(IF(E28="",0,F28-E28-J28),"") -> 0.3125 | O28: サポートデスク | T28: =E28 -> 0.4375 | U28: =F28 -> 0.79166667 | V28: =IFERROR(IF(T28="",0,U28-T28-J28),"") -> 0.3125 | W28: =IFERROR(FLOOR(K28,TIME(0,VLOOKUP($C$3,#REF!,22,0),0)),"") | AG28: =(Z28-Y28)+(AB28-AA28)+(AD28-AC28)+(AF28-AE28) -> 0
A29: =IF(COUNTIFS(祝日参照用!A:A,C29)=1,1,IF(D29="土",1,IF(D29="日",1,0))) -> 0 | C29: =IF(C28="","",IF(DAY(C28+1)=1,"",C28+1)) -> 45545 | D29: =TEXT(C29,"aaa") -> 火 | E29: 0.4375 | F29: 0.79166667 | G29: 0.54166667 | H29: ～ | I29: 0.58333333 | J29: =IFERROR(IF(G29="",0,I29-G29),"") -> 0.041666667 | K29: =IFERROR(IF(E29="",0,F29-E29-J29),"") -> 0.3125 | O29: サポートデスク | T29: =E29 -> 0.4375 | U29: =F29 -> 0.79166667 | V29: =IFERROR(IF(T29="",0,U29-T29-J29),"") -> 0.3125 | W29: =IFERROR(FLOOR(K29,TIME(0,VLOOKUP($C$3,#REF!,22,0),0)),"") | AG29: =(Z29-Y29)+(AB29-AA29)+(AD29-AC29)+(AF29-AE29) -> 0
A30: =IF(COUNTIFS(祝日参照用!A:A,C30)=1,1,IF(D30="土",1,IF(D30="日",1,0))) -> 0 | C30: =IF(C29="","",IF(DAY(C29+1)=1,"",C29+1)) -> 45546 | D30: =TEXT(C30,"aaa") -> 水 | E30: 0.4375 | F30: 0.79166667 | G30: 0.54166667 | H30: ～ | I30: 0.58333333 | J30: =IFERROR(IF(G30="",0,I30-G30),"") -> 0.041666667 | K30: =IFERROR(IF(E30="",0,F30-E30-J30),"") -> 0.3125 | O30: サポートデスク | T30: =E30 -> 0.4375 | U30: =F30 -> 0.79166667 | V30: =IFERROR(IF(T30="",0,U30-T30-J30),"") -> 0.3125 | W30: =IFERROR(FLOOR(K30,TIME(0,VLOOKUP($C$3,#REF!,22,0),0)),"") | AG30: =(Z30-Y30)+(AB30-AA30)+(AD30-AC30)+(AF30-AE30) -> 0
A31: =IF(COUNTIFS(祝日参照用!A:A,C31)=1,1,IF(D31="土",1,IF(D31="日",1,0))) -> 0 | C31: =IF(C30="","",IF(DAY(C30+1)=1,"",C30+1)) -> 45547 | D31: =TEXT(C31,"aaa") -> 木 | E31: 0.4375 | F31: 0.79166667 | G31: 0.54166667 | H31: ～ | I31: 0.58333333 | J31: =IFERROR(IF(G31="",0,I31-G31),"") -> 0.041666667 | K31: =IFERROR(IF(E31="",0,F31-E31-J31),"") -> 0.3125 | O31: サポートデスク | T31: =E31 -> 0.4375 | U31: =F31 -> 0.79166667 | V31: =IFERROR(IF(T31="",0,U31-T31-J31),"") -> 0.3125 | W31: =IFERROR(FLOOR(K31,TIME(0,VLOOKUP($C$3,#REF!,22,0),0)),"") | AG31: =(Z31-Y31)+(AB31-AA31)+(AD31-AC31)+(AF31-AE31) -> 0
A32: =IF(COUNTIFS(祝日参照用!A:A,C32)=1,1,IF(D32="土",1,IF(D32="日",1,0))) -> 0 | C32: =IF(C31="","",IF(DAY(C31+1)=1,"",C31+1)) -> 45548 | D32: =TEXT(C32,"aaa") -> 金 | E32: 0.4375 | F32: 0.79166667 | G32: 0.54166667 | H32: ～ | I32: 0.58333333 | J32: =IFERROR(IF(G32="",0,I32-G32),"") -> 0.041666667 | K32: =IFERROR(IF(E32="",0,F32-E32-J32),"") -> 0.3125 | O32: サポートデスク | T32: =E32 -> 0.4375 | U32: =F32 -> 0.79166667 | V32: =IFERROR(IF(T32="",0,U32-T32-J32),"") -> 0.3125 | W32: =IFERROR(FLOOR(K32,TIME(0,VLOOKUP($C$3,#REF!,22,0),0)),"") | AG32: =(Z32-Y32)+(AB32-AA32)+(AD32-AC32)+(AF32-AE32) -> 0
A33: =IF(COUNTIFS(祝日参照用!A:A,C33)=1,1,IF(D33="土",1,IF(D33="日",1,0))) -> 1 | C33: =IF(C32="","",IF(DAY(C32+1)=1,"",C32+1)) -> 45549 | D33: =TEXT(C33,"aaa") -> 土 | W33: =IFERROR(FLOOR(K33,TIME(0,VLOOKUP($C$3,#REF!,22,0),0)),"") | AG33: =(Z33-Y33)+(AB33-AA33)+(AD33-AC33)+(AF33-AE33) -> 0
A34: =IF(COUNTIFS(祝日参照用!A:A,C34)=1,1,IF(D34="土",1,IF(D34="日",1,0))) -> 1 | C34: =IF(C33="","",IF(DAY(C33+1)=1,"",C33+1)) -> 45550 | D34: =TEXT(C34,"aaa") -> 日 | W34: =IFERROR(FLOOR(K34,TIME(0,VLOOKUP($C$3,#REF!,22,0),0)),"") | AG34: =(Z34-Y34)+(AB34-AA34)+(AD34-AC34)+(AF34-AE34) -> 0
A35: =IF(COUNTIFS(祝日参照用!A:A,C35)=1,1,IF(D35="土",1,IF(D35="日",1,0))) -> 0 | C35: =IF(C34="","",IF(DAY(C34+1)=1,"",C34+1)) -> 45551 | D35: =TEXT(C35,"aaa") -> 月 | E35: 0.4375 | F35: 0.79166667 | G35: 0.54166667 | H35: ～ | I35: 0.58333333 | J35: =IFERROR(IF(G35="",0,I35-G35),"") -> 0.041666667 | K35: =IFERROR(IF(E35="",0,F35-E35-J35),"") -> 0.3125 | O35: サポートデスク | T35: =E35 -> 0.4375 | U35: =F35 -> 0.79166667 | V35: =IFERROR(IF(T35="",0,U35-T35-J35),"") -> 0.3125 | AG35: =(Z35-Y35)+(AB35-AA35)+(AD35-AC35)+(AF35-AE35) -> 0
A36: =IF(COUNTIFS(祝日参照用!A:A,C36)=1,1,IF(D36="土",1,IF(D36="日",1,0))) -> 0 | C36: =IF(C35="","",IF(DAY(C35+1)=1,"",C35+1)) -> 45552 | D36: =TEXT(C36,"aaa") -> 火 | E36: 0.4375 | F36: 0.79166667 | G36: 0.54166667 | H36: ～ | I36: 0.58333333 | J36: =IFERROR(IF(G36="",0,I36-G36),"") -> 0.041666667 | K36: =IFERROR(IF(E36="",0,F36-E36-J36),"") -> 0.3125 | O36: サポートデスク | T36: =E36 -> 0.4375 | U36: =F36 -> 0.79166667 | V36: =IFERROR(IF(T36="",0,U36-T36-J36),"") -> 0.3125 | W36: =IFERROR(FLOOR(K36,TIME(0,VLOOKUP($C$3,#REF!,22,0),0)),"") | AG36: =(Z36-Y36)+(AB36-AA36)+(AD36-AC36)+(AF36-AE36) -> 0
A37: =IF(COUNTIFS(祝日参照用!A:A,C37)=1,1,IF(D37="土",1,IF(D37="日",1,0))) -> 0 | C37: =IF(C36="","",IF(DAY(C36+1)=1,"",C36+1)) -> 45553 | D37: =TEXT(C37,"aaa") -> 水 | E37: 0.4375 | F37: 0.79166667 | G37: 0.54166667 | H37: ～ | I37: 0.58333333 | J37: =IFERROR(IF(G37="",0,I37-G37),"") -> 0.041666667 | K37: =IFERROR(IF(E37="",0,F37-E37-J37),"") -> 0.3125 | O37: サポートデスク | T37: =E37 -> 0.4375 | U37: =F37 -> 0.79166667 | V37: =IFERROR(IF(T37="",0,U37-T37-J37),"") -> 0.3125 | W37: =IFERROR(FLOOR(K37,TIME(0,VLOOKUP($C$3,#REF!,22,0),0)),"") | AG37: =(Z37-Y37)+(AB37-AA37)+(AD37-AC37)+(AF37-AE37) -> 0
A38: =IF(COUNTIFS(祝日参照用!A:A,C38)=1,1,IF(D38="土",1,IF(D38="日",1,0))) -> 0 | C38: =IF(C37="","",IF(DAY(C37+1)=1,"",C37+1)) -> 45554 | D38: =TEXT(C38,"aaa") -> 木 | E38: 0.4375 | F38: 0.79166667 | G38: 0.54166667 | H38: ～ | I38: 0.58333333 | J38: =IFERROR(IF(G38="",0,I38-G38),"") -> 0.041666667 | K38: =IFERROR(IF(E38="",0,F38-E38-J38),"") -> 0.3125 | O38: サポートデスク | T38: =E38 -> 0.4375 | U38: =F38 -> 0.79166667 | V38: =IFERROR(IF(T38="",0,U38-T38-J38),"") -> 0.3125 | W38: =IFERROR(FLOOR(K38,TIME(0,VLOOKUP($C$3,#REF!,22,0),0)),"") | AG38: =(Z38-Y38)+(AB38-AA38)+(AD38-AC38)+(AF38-AE38) -> 0
A39: =IF(COUNTIFS(祝日参照用!A:A,C39)=1,1,IF(D39="土",1,IF(D39="日",1,0))) -> 0 | C39: =IF(C38="","",IF(DAY(C38+1)=1,"",C38+1)) -> 45555 | D39: =TEXT(C39,"aaa") -> 金 | E39: 0.4375 | F39: 0.79166667 | G39: 0.54166667 | H39: ～ | I39: 0.58333333 | J39: =IFERROR(IF(G39="",0,I39-G39),"") -> 0.041666667 | K39: =IFERROR(IF(E39="",0,F39-E39-J39),"") -> 0.3125 | O39: サポートデスク | T39: =E39 -> 0.4375 | U39: =F39 -> 0.79166667 | V39: =IFERROR(IF(T39="",0,U39-T39-J39),"") -> 0.3125 | W39: =IFERROR(FLOOR(K39,TIME(0,VLOOKUP($C$3,#REF!,22,0),0)),"") | AG39: =(Z39-Y39)+(AB39-AA39)+(AD39-AC39)+(AF39-AE39) -> 0
A40: =IF(COUNTIFS(祝日参照用!A:A,C40)=1,1,IF(D40="土",1,IF(D40="日",1,0))) -> 1 | C40: =IF(C39="","",IF(DAY(C39+1)=1,"",C39+1)) -> 45556 | D40: =TEXT(C40,"aaa") -> 土 | AG40: =(Z40-Y40)+(AB40-AA40)+(AD40-AC40)+(AF40-AE40) -> 0
A41: =IF(COUNTIFS(祝日参照用!A:A,C41)=1,1,IF(D41="土",1,IF(D41="日",1,0))) -> 1 | C41: =IF(C40="","",IF(DAY(C40+1)=1,"",C40+1)) -> 45557 | D41: =TEXT(C41,"aaa") -> 日 | AG41: =(Z41-Y41)+(AB41-AA41)+(AD41-AC41)+(AF41-AE41) -> 0
A42: =IF(COUNTIFS(祝日参照用!A:A,C42)=1,1,IF(D42="土",1,IF(D42="日",1,0))) -> 0 | C42: =IF(C41="","",IF(DAY(C41+1)=1,"",C41+1)) -> 45558 | D42: =TEXT(C42,"aaa") -> 月 | E42: 0.4375 | F42: 0.79166667 | G42: 0.54166667 | H42: ～ | I42: 0.58333333 | J42: =IFERROR(IF(G42="",0,I42-G42),"") -> 0.041666667 | K42: =IFERROR(IF(E42="",0,F42-E42-J42),"") -> 0.3125 | O42: サポートデスク | T42: =E42 -> 0.4375 | U42: =F42 -> 0.79166667 | V42: =IFERROR(IF(T42="",0,U42-T42-J42),"") -> 0.3125 | W42: =IFERROR(FLOOR(K42,TIME(0,VLOOKUP($C$3,#REF!,22,0),0)),"") | AG42: =(Z42-Y42)+(AB42-AA42)+(AD42-AC42)+(AF42-AE42) -> 0
A43: =IF(COUNTIFS(祝日参照用!A:A,C43)=1,1,IF(D43="土",1,IF(D43="日",1,0))) -> 0 | C43: =IF(C42="","",IF(DAY(C42+1)=1,"",C42+1)) -> 45559 | D43: =TEXT(C43,"aaa") -> 火 | E43: 0.4375 | F43: 0.79166667 | G43: 0.54166667 | H43: ～ | I43: 0.58333333 | J43: =IFERROR(IF(G43="",0,I43-G43),"") -> 0.041666667 | K43: =IFERROR(IF(E43="",0,F43-E43-J43),"") -> 0.3125 | O43: サポートデスク | T43: =E43 -> 0.4375 | U43: =F43 -> 0.79166667 | V43: =IFERROR(IF(T43="",0,U43-T43-J43),"") -> 0.3125 | W43: =IFERROR(FLOOR(K43,TIME(0,VLOOKUP($C$3,#REF!,22,0),0)),"") | AG43: =(Z43-Y43)+(AB43-AA43)+(AD43-AC43)+(AF43-AE43) -> 0
A44: =IF(COUNTIFS(祝日参照用!A:A,C44)=1,1,IF(D44="土",1,IF(D44="日",1,0))) -> 0 | C44: =IF(C43="","",IF(DAY(C43+1)=1,"",C43+1)) -> 45560 | D44: =TEXT(C44,"aaa") -> 水 | E44: 0.4375 | F44: 0.79166667 | G44: 0.54166667 | H44: ～ | I44: 0.58333333 | J44: =IFERROR(IF(G44="",0,I44-G44),"") -> 0.041666667 | K44: =IFERROR(IF(E44="",0,F44-E44-J44),"") -> 0.3125 | O44: サポートデスク | T44: =E44 -> 0.4375 | U44: =F44 -> 0.79166667 | V44: =IFERROR(IF(T44="",0,U44-T44-J44),"") -> 0.3125 | W44: =IFERROR(FLOOR(K44,TIME(0,VLOOKUP($C$3,#REF!,22,0),0)),"") | AG44: =(Z44-Y44)+(AB44-AA44)+(AD44-AC44)+(AF44-AE44) -> 0
A45: =IF(COUNTIFS(祝日参照用!A:A,C45)=1,1,IF(D45="土",1,IF(D45="日",1,0))) -> 0 | C45: =IF(C44="","",IF(DAY(C44+1)=1,"",C44+1)) -> 45561 | D45: =TEXT(C45,"aaa") -> 木 | E45: 0.4375 | F45: 0.79166667 | G45: 0.54166667 | H45: ～ | I45: 0.58333333 | J45: =IFERROR(IF(G45="",0,I45-G45),"") -> 0.041666667 | K45: =IFERROR(IF(E45="",0,F45-E45-J45),"") -> 0.3125 | O45: サポートデスク | T45: =E45 -> 0.4375 | U45: =F45 -> 0.79166667 | V45: =IFERROR(IF(T45="",0,U45-T45-J45),"") -> 0.3125 | W45: =IFERROR(FLOOR(K45,TIME(0,VLOOKUP($C$3,#REF!,22,0),0)),"") | AG45: =(Z45-Y45)+(AB45-AA45)+(AD45-AC45)+(AF45-AE45) -> 0
A46: =IF(COUNTIFS(祝日参照用!A:A,C46)=1,1,IF(D46="土",1,IF(D46="日",1,0))) -> 0 | C46: =IF(C45="","",IF(DAY(C45+1)=1,"",C45+1)) -> 45562 | D46: =TEXT(C46,"aaa") -> 金 | E46: 0.4375 | F46: 0.79166667 | G46: 0.54166667 | H46: ～ | I46: 0.58333333 | J46: =IFERROR(IF(G46="",0,I46-G46),"") -> 0.041666667 | K46: =IFERROR(IF(E46="",0,F46-E46-J46),"") -> 0.3125 | O46: サポートデスク | T46: =E46 -> 0.4375 | U46: =F46 -> 0.79166667 | V46: =IFERROR(IF(T46="",0,U46-T46-J46),"") -> 0.3125 | W46: =IFERROR(FLOOR(K46,TIME(0,VLOOKUP($C$3,#REF!,22,0),0)),"") | AG46: =(Z46-Y46)+(AB46-AA46)+(AD46-AC46)+(AF46-AE46) -> 0
A47: =IF(COUNTIFS(祝日参照用!A:A,C47)=1,1,IF(D47="土",1,IF(D47="日",1,0))) -> 1 | C47: =IF(C46="","",IF(DAY(C46+1)=1,"",C46+1)) -> 45563 | D47: =TEXT(C47,"aaa") -> 土 | W47: =IFERROR(FLOOR(K47,TIME(0,VLOOKUP($C$3,#REF!,22,0),0)),"") | AG47: =(Z47-Y47)+(AB47-AA47)+(AD47-AC47)+(AF47-AE47) -> 0
A48: =IF(COUNTIFS(祝日参照用!A:A,C48)=1,1,IF(D48="土",1,IF(D48="日",1,0))) -> 1 | C48: =IF(C47="","",IF(DAY(C47+1)=1,"",C47+1)) -> 45564 | D48: =TEXT(C48,"aaa") -> 日 | W48: =IFERROR(FLOOR(K48,TIME(0,VLOOKUP($C$3,#REF!,22,0),0)),"") | AG48: =(Z48-Y48)+(AB48-AA48)+(AD48-AC48)+(AF48-AE48) -> 0
A49: =IF(COUNTIFS(祝日参照用!A:A,C49)=1,1,IF(D49="土",1,IF(D49="日",1,0))) -> 0 | C49: =IF(C48="","",IF(DAY(C48+1)=1,"",C48+1)) -> 45565 | D49: =TEXT(C49,"aaa") -> 月 | E49: 0.4375 | F49: 0.79166667 | G49: 0.54166667 | H49: ～ | I49: 0.58333333 | J49: =IFERROR(IF(G49="",0,I49-G49),"") -> 0.041666667 | K49: =IFERROR(IF(E49="",0,F49-E49-J49),"") -> 0.3125 | O49: サポートデスク | T49: =E49 -> 0.4375 | U49: =F49 -> 0.79166667 | V49: =IFERROR(IF(T49="",0,U49-T49-J49),"") -> 0.3125 | W49: =IFERROR(FLOOR(K49,TIME(0,VLOOKUP($C$3,#REF!,22,0),0)),"") | AG49: =(Z49-Y49)+(AB49-AA49)+(AD49-AC49)+(AF49-AE49) -> 0
A50: =IF(COUNTIFS(祝日参照用!A:A,C50)=1,1,IF(D50="土",1,IF(D50="日",1,0))) -> 0 | C50: =IF(C49="","",IF(DAY(C49+1)=1,"",C49+1)) | D50: =TEXT(C50,"aaa") | AG50: =(Z50-Y50)+(AB50-AA50)+(AD50-AC50)+(AF50-AE50) -> 0
J51: =SUM(J20:J50) -> 0.875 | K51: =SUM(K20:K50) -> 6.5625 | L51: =SUM(L20:L50) -> 0 | M51: =SUM(M20:M50) -> 0 | N51: =SUM(N20:N50) -> 0 | V51: =SUM(V20:V50) -> 6.5625 | W51: =SUM(W20:W50) -> 0

Sheet 入力例
C2: SuccessHolders 勤務報告書 | M2: (西暦) | O2: 2022 | Q2: 年 | R2: 1 | S2: 月分 | X2: ≪入力方法について≫
C3: 社員1 | Q3: 勤務日数： | S3: =COUNTA(E20:E50)&"日" -> 19日 | X3: ・太枠内の記載をお願いします。
C4: 派遣先企業名 | F4: ○○株式会社 | N4: 派遣先事業所名 | Y4: 業務内容等は必要があれば記載をお願いします。「入力例」タブをご確認ください。
C5: 派遣先住所
C6: 就業部署名 | N6: 連絡先 | X6: ・休憩時間が複数ある場合
C7: 業務に伴う責任の程度 | F7: (業務内容) | N7: 役職名 | R7: 部下 人数 | Y7: 休憩1-4に休憩時間を入力してください。
C8: 実際の就業場所 | F8: ○○千葉データセンター | M8: 勤怠パターン | O8: 勤務時間 | R8: 休憩時間 | T8: 規定時間 | Y8: 休憩1-4の、合計時間をJ列の「休憩時間」に直接入力してください。
O9: 0.375 | P9: ～ | Q9: 0.73611111 | R9: 0.041666667 | T9: =Q9-O9-R9 -> 0.31944444 | Y9: G列とI列の入力は不要です。
O10: 0.41666667 | P10: ～ | Q10: 0.77777778 | R10: 0.041666667 | T10: =Q10-O10-R10 -> 0.31944444
P11: ～ | T11: =Q11-O11-R11 -> 0 | X11: ・深夜時間の勤務の場合、時間は下記のように退勤時刻（例 34：00）の記載をお願いします。
P12: ～ | T12: =Q12-O12-R12 -> 0 | Y12: 例：18：00～翌日10：00の場合
P13: ～ | T13: =Q13-O13-R13 -> 0 | Z13: 出勤時刻（18：00） 退勤時刻（34：00）
B14: 氏名 | C14: 氏名 | F14: サクセス 太郎 | O14: フレックスタイム制 | Z14: 18時＋6時間（18時～24時合計）+10時間（0時～10時合計）＝34時間
O15: 変形労働時間制
Y16: 休憩時間が1時間以外で複数ある場合は、J列の計算式を削除して休憩時間を直接入力してください↓
C17: 例 | E17: 0.375 | F17: 0.76041667 | G17: 0.5 | I17: 0.54166667 | X17: 例 | Y17: 0.5 | Z17: 0.54166667 | AA17: 0.71875 | AB17: 0.72916667 | AC17: 0.77083333 | AD17: 0.79166667 | AE17: 0.89583333 | AF17: 0.91666667
Y18: 休憩1 | AA18: 休憩2 | AC18: 休憩3 | AE18: 休憩4
A19: 祝日判定 | C19: 月 日 | D19: 曜 日 | E19: 出勤 時刻 | F19: 退勤 時刻 | G19: 休憩 時刻 | J19: 休憩 時間 | K19: 所定 時間 | L19: 法定外 残業 | M19: 深夜 時間 | N19: 不就労 | O19: 業務内容・作業進捗状況・その他 | T19: 出勤時刻(KOT) | U19: 退勤時刻 (KOT) | V19: 所定時間 (KOT) | W19: 所定時間 (調整) | Y19: 開始 | Z19: 終了 | AA19: 開始 | AB19: 終了 | AC19: 開始 | AD19: 終了 | AE19: 開始 | AF19: 終了 | AG19: 休憩時間
A20: =IF(COUNTIFS(祝日参照用!A:A,C20)=1,1,IF(D20="土",1,IF(D20="日",1,0))) -> 1 | C20: =IFERROR(DATE(O2,R2,1),"") -> 44562 | D20: =TEXT(C20,"aaa") -> 土 | J20: =IFERROR(IF(G20="",0,I20-G20),"") -> 0 | K20: =IFERROR(IF(E20="",0,F20-E20-J20),"") -> 0 | L20: =IF(E20="",0,IF($A20=1,$K20,IF($C20="",0,IF($K20-$T$9<0,0,$K20-$T$9)))) -> 0 | T20: =E20 -> 0 | U20: =F20 -> 0 | V20: =IFERROR(IF(T20="",0,U20-T20-J20),"") -> 0 | W20: =IFERROR(FLOOR(K20,TIME(0,VLOOKUP($C$3,#REF!,22,0),0)),"") | AG20: =(Z20-Y20)+(AB20-AA20)+(AD20-AC20)+(AF20-AE20) -> 0
A21: =IF(COUNTIFS(祝日参照用!A:A,C21)=1,1,IF(D21="土",1,IF(D21="日",1,0))) -> 1 | C21: =IF(C20="","",IF(DAY(C20+1)=1,"",C20+1)) -> 44563 | D21: =TEXT(C21,"aaa") -> 日 | H21: ～ | J21: =IFERROR(IF(G21="",0,I21-G21),"") -> 0 | K21: =IFERROR(IF(E21="",0,F21-E21-J21),"") -> 0 | L21: =IF(E21="",0,IF($A21=1,$K21,IF($C21="",0,IF($K21-$T$9<0,0,$K21-$T$9)))) -> 0 | T21: =E21 -> 0 | U21: =F21 -> 0 | V21: =IFERROR(IF(T21="",0,U21-T21-J21),"") -> 0 | W21: =IFERROR(FLOOR(K21,TIME(0,VLOOKUP($C$3,#REF!,22,0),0)),"") | AG21: =(Z21-Y21)+(AB21-AA21)+(AD21-AC21)+(AF21-AE21) -> 0
A22: =IF(COUNTIFS(祝日参照用!A:A,C22)=1,1,IF(D22="土",1,IF(D22="日",1,0))) -> 1 | C22: =IF(C21="","",IF(DAY(C21+1)=1,"",C21+1)) -> 44564 | D22: =TEXT(C22,"aaa") -> 月 | H22: ～ | J22: =IFERROR(IF(G22="",0,I22-G22),"") -> 0 | K22: =IFERROR(IF(E22="",0,F22-E22-J22),"") -> 0 | L22: =IF(E22="",0,IF($A22=1,$K22,IF($C22="",0,IF($K22-$T$9<0,0,$K22-$T$9)))) -> 0 | T22: =E22 -> 0 | U22: =F22 -> 0 | V22: =IFERROR(IF(T22="",0,U22-T22-J22),"") -> 0 | W22: =IFERROR(FLOOR(K22,TIME(0,VLOOKUP($C$3,#REF!,22,0),0)),"") | AG22: =(Z22-Y22)+(AB22-AA22)+(AD22-AC22)+(AF22-AE22) -> 0
A23: =IF(COUNTIFS(祝日参照用!A:A,C23)=1,1,IF(D23="土",1,IF(D23="日",1,0))) -> 0 | C23: =IF(C22="","",IF(DAY(C22+1)=1,"",C22+1)) -> 44565 | D23: =TEXT(C23,"aaa") -> 火 | E23: 0.37152778 | F23: 0.86111111 | G23: 0.52083333 | H23: ～ | I23: 0.5625 | J23: =IFERROR(IF(G23="",0,I23-G23),"") -> 0.041666667 | K23: =IFERROR(IF(E23="",0,F23-E23-J23),"") -> 0.44791667 | L23: =IF(E23="",0,IF($A23=1,$K23,IF($C23="",0,IF($K23-$T$9<0,0,$K23-$T$9)))) -> 0.12847222 | T23: =E23 -> 0.37152778 | U23: =F23 -> 0.86111111 | V23: =IFERROR(IF(T23="",0,U23-T23-J23),"") -> 0.44791667 | W23: =IFERROR(FLOOR(K23,TIME(0,VLOOKUP($C$3,#REF!,22,0),0)),"") | AG23: =(Z23-Y23)+(AB23-AA23)+(AD23-AC23)+(AF23-AE23) -> 0
A24: =IF(COUNTIFS(祝日参照用!A:A,C24)=1,1,IF(D24="土",1,IF(D24="日",1,0))) -> 0 | C24: =IF(C23="","",IF(DAY(C23+1)=1,"",C23+1)) -> 44566 | D24: =TEXT(C24,"aaa") -> 水 | E24: 0.375 | F24: 0.78472222 | G24: 0.52083333 | H24: ～ | I24: 0.5625 | J24: =IFERROR(IF(G24="",0,I24-G24),"") -> 0.041666667 | K24: =IFERROR(IF(E24="",0,F24-E24-J24),"") -> 0.36805556 | L24: =IF(E24="",0,IF($A24=1,$K24,IF($C24="",0,IF($K24-$T$9<0,0,$K24-$T$9)))) -> 0.048611111 | T24: =E24 -> 0.375 | U24: =F24 -> 0.78472222 | V24: =IFERROR(IF(T24="",0,U24-T24-J24),"") -> 0.36805556 | W24: =IFERROR(FLOOR(K24,TIME(0,VLOOKUP($C$3,#REF!,22,0),0)),"") | AG24: =(Z24-Y24)+(AB24-AA24)+(AD24-AC24)+(AF24-AE24) -> 0
A25: =IF(COUNTIFS(祝日参照用!A:A,C25)=1,1,IF(D25="土",1,IF(D25="日",1,0))) -> 0 | C25: =IF(C24="","",IF(DAY(C24+1)=1,"",C24+1)) -> 44567 | D25: =TEXT(C25,"aaa") -> 木 | E25: 0.375 | F25: 0.73611111 | G25: 0.52083333 | H25: ～ | I25: 0.5625 | J25: =IFERROR(IF(G25="",0,I25-G25),"") -> 0.041666667 | K25: =IFERROR(IF(E25="",0,F25-E25-J25),"") -> 0.31944444 | L25: =IF(E25="",0,IF($A25=1,$K25,IF($C25="",0,IF($K25-$T$9<0,0,$K25-$T$9)))) -> 5.5511151e-17 | O25: 電車遅延 | T25: =E25 -> 0.375 | U25: =F25 -> 0.73611111 | V25: =IFERROR(IF(T25="",0,U25-T25-J25),"") -> 0.31944444 | W25: =IFERROR(FLOOR(K25,TIME(0,VLOOKUP($C$3,#REF!,22,0),0)),"") | AG25: =(Z25-Y25)+(AB25-AA25)+(AD25-AC25)+(AF25-AE25) -> 0
A26: =IF(COUNTIFS(祝日参照用!A:A,C26)=1,1,IF(D26="土",1,IF(D26="日",1,0))) -> 0 | C26: =IF(C25="","",IF(DAY(C25+1)=1,"",C25+1)) -> 44568 | D26: =TEXT(C26,"aaa") -> 金 | E26: 0.41666667 | F26: 0.86111111 | G26: 0.5625 | H26: ～ | I26: 0.60416667 | J26: =IFERROR(IF(G26="",0,I26-G26),"") -> 0.041666667 | K26: =IFERROR(IF(E26="",0,F26-E26-J26),"") -> 0.40277778 | L26: =IF(E26="",0,IF($A26=1,$K26,IF($C26="",0,IF($K26-$T$9<0,0,$K26-$T$9)))) -> 0.083333333 | T26: =E26 -> 0.41666667 | U26: =F26 -> 0.86111111 | V26: =IFERROR(IF(T26="",0,U26-T26-J26),"") -> 0.40277778 | W26: =IFERROR(FLOOR(K26,TIME(0,VLOOKUP($C$3,#REF!,22,0),0)),"") | AG26: =(Z26-Y26)+(AB26-AA26)+(AD26-AC26)+(AF26-AE26) -> 0
A27: =IF(COUNTIFS(祝日参照用!A:A,C27)=1,1,IF(D27="土",1,IF(D27="日",1,0))) -> 1 | C27: =IF(C26="","",IF(DAY(C26+1)=1,"",C26+1)) -> 44569 | D27: =TEXT(C27,"aaa") -> 土 | H27: ～ | J27: =IFERROR(IF(G27="",0,I27-G27),"") -> 0 | K27: =IFERROR(IF(E27="",0,F27-E27-J27),"") -> 0 | L27: =IF(E27="",0,IF($A27=1,$K27,IF($C27="",0,IF($K27-$T$9<0,0,$K27-$T$9)))) -> 0 | T27: =E27 -> 0 | U27: =F27 -> 0 | V27: =IFERROR(IF(T27="",0,U27-T27-J27),"") -> 0 | W27: =IFERROR(FLOOR(K27,TIME(0,VLOOKUP($C$3,#REF!,22,0),0)),"") | AG27: =(Z27-Y27)+(AB27-AA27)+(AD27-AC27)+(AF27-AE27) -> 0
A28: =IF(COUNTIFS(祝日参照用!A:A,C28)=1,1,IF(D28="土",1,IF(D28="日",1,0))) -> 1 | C28: =IF(C27="","",IF(DAY(C27+1)=1,"",C27+1)) -> 44570 | D28: =TEXT(C28,"aaa") -> 日 | H28: ～ | J28: =IFERROR(IF(G28="",0,I28-G28),"") -> 0 | K28: =IFERROR(IF(E28="",0,F28-E28-J28),"") -> 0 | L28: =IF(E28="",0,IF($A28=1,$K28,IF($C28="",0,IF($K28-$T$9<0,0,$K28-$T$9)))) -> 0 | T28: =E28 -> 0 | U28: =F28 -> 0 | V28: =IFERROR(IF(T28="",0,U28-T28-J28),"") -> 0 | W28: =IFERROR(FLOOR(K28,TIME(0,VLOOKUP($C$3,#REF!,22,0),0)),"") | AG28: =(Z28-Y28)+(AB28-AA28)+(AD28-AC28)+(AF28-AE28) -> 0
A29: =IF(COUNTIFS(祝日参照用!A:A,C29)=1,1,IF(D29="土",1,IF(D29="日",1,0))) -> 1 | C29: =IF(C28="","",IF(DAY(C28+1)=1,"",C28+1)) -> 44571 | D29: =TEXT(C29,"aaa") -> 月 | H29: ～ | J29: =IFERROR(IF(G29="",0,I29-G29),"") -> 0 | K29: =IFERROR(IF(E29="",0,F29-E29-J29),"") -> 0 | L29: =IF(E29="",0,IF($A29=1,$K29,IF($C29="",0,IF($K29-$T$9<0,0,$K29-$T$9)))) -> 0 | T29: =E29 -> 0 | U29: =F29 -> 0 | V29: =IFERROR(IF(T29="",0,U29-T29-J29),"") -> 0 | W29: =IFERROR(FLOOR(K29,TIME(0,VLOOKUP($C$3,#REF!,22,0),0)),"") | AG29: =(Z29-Y29)+(AB29-AA29)+(AD29-AC29)+(AF29-AE29) -> 0
A30: =IF(COUNTIFS(祝日参照用!A:A,C30)=1,1,IF(D30="土",1,IF(D30="日",1,0))) -> 0 | C30: =IF(C29="","",IF(DAY(C29+1)=1,"",C29+1)) -> 44572 | D30: =TEXT(C30,"aaa") -> 火 | E30: 0.375 | F30: 0.73611111 | G30: 0.52083333 | H30: ～ | I30: 0.5625 | J30: =IFERROR(IF(G30="",0,I30-G30),"") -> 0.041666667 | K30: =IFERROR(IF(E30="",0,F30-E30-J30),"") -> 0.31944444 | L30: =IF(E30="",0,IF($A30=1,$K30,IF($C30="",0,IF($K30-$T$9<0,0,$K30-$T$9)))) -> 5.5511151e-17 | T30: =E30 -> 0.375 | U30: =F30 -> 0.73611111 | V30: =IFERROR(IF(T30="",0,U30-T30-J30),"") -> 0.31944444 | W30: =IFERROR(FLOOR(K30,TIME(0,VLOOKUP($C$3,#REF!,22,0),0)),"") | AG30: =(Z30-Y30)+(AB30-AA30)+(AD30-AC30)+(AF30-AE30) -> 0
A31: =IF(COUNTIFS(祝日参照用!A:A,C31)=1,1,IF(D31="土",1,IF(D31="日",1,0))) -> 0 | C31: =IF(C30="","",IF(DAY(C30+1)=1,"",C30+1)) -> 44573 | D31: =TEXT(C31,"aaa") -> 水 | E31: 0.37152778 | F31: 0.73611111 | G31: 0.52083333 | H31: ～ | I31: 0.5625 | J31: =IFERROR(IF(G31="",0,I31-G31),"") -> 0.041666667 | K31: =IFERROR(IF(E31="",0,F31-E31-J31),"") -> 0.32291667 | L31: =IF(E31="",0,IF($A31=1,$K31,IF($C31="",0,IF($K31-$T$9<0,0,$K31-$T$9)))) -> 0.0034722222 | T31: =E31 -> 0.37152778 | U31: =F31 -> 0.73611111 | V31: =IFERROR(IF(T31="",0,U31-T31-J31),"") -> 0.32291667 | W31: =IFERROR(FLOOR(K31,TIME(0,VLOOKUP($C$3,#REF!,22,0),0)),"") | AG31: =(Z31-Y31)+(AB31-AA31)+(AD31-AC31)+(AF31-AE31) -> 0
A32: =IF(COUNTIFS(祝日参照用!A:A,C32)=1,1,IF(D32="土",1,IF(D32="日",1,0))) -> 0 | C32: =IF(C31="","",IF(DAY(C31+1)=1,"",C31+1)) -> 44574 | D32: =TEXT(C32,"aaa") -> 木 | E32: 0.375 | F32: 0.73611111 | G32: 0.52083333 | H32: ～ | I32: 0.5625 | J32: =IFERROR(IF(G32="",0,I32-G32),"") -> 0.041666667 | K32: =IFERROR(IF(E32="",0,F32-E32-J32),"") -> 0.31944444 | L32: =IF(E32="",0,IF($A32=1,$K32,IF($C32="",0,IF($K32-$T$9<0,0,$K32-$T$9)))) -> 5.5511151e-17 | T32: =E32 -> 0.375 | U32: =F32 -> 0.73611111 | V32: =IFERROR(IF(T32="",0,U32-T32-J32),"") -> 0.31944444 | W32: =IFERROR(FLOOR(K32,TIME(0,VLOOKUP($C$3,#REF!,22,0),0)),"") | AG32: =(Z32-Y32)+(AB32-AA32)+(AD32-AC32)+(AF32-AE32) -> 0
A33: =IF(COUNTIFS(祝日参照用!A:A,C33)=1,1,IF(D33="土",1,IF(D33="日",1,0))) -> 0 | C33: =IF(C32="","",IF(DAY(C32+1)=1,"",C32+1)) -> 44575 | D33: =TEXT(C33,"aaa") -> 金 | E33: 0.41666667 | F33: 0.77777778 | G33: 0.5625 | H33: ～ | I33: 0.60416667 | J33: =IFERROR(IF(G33="",0,I33-G33),"") -> 0.041666667 | K33: =IFERROR(IF(E33="",0,F33-E33-J33),"") -> 0.31944444 | L33: =IF(E33="",0,IF($A33=1,$K33,IF($C33="",0,IF($K33-$T$9<0,0,$K33-$T$9)))) -> 0 | T33: =E33 -> 0.41666667 | U33: =F33 -> 0.77777778 | V33: =IFERROR(IF(T33="",0,U33-T33-J33),"") -> 0.31944444 | W33: =IFERROR(FLOOR(K33,TIME(0,VLOOKUP($C$3,#REF!,22,0),0)),"") | AG33: =(Z33-Y33)+(AB33-AA33)+(AD33-AC33)+(AF33-AE33) -> 0
A34: =IF(COUNTIFS(祝日参照用!A:A,C34)=1,1,IF(D34="土",1,IF(D34="日",1,0))) -> 1 | C34: =IF(C33="","",IF(DAY(C33+1)=1,"",C33+1)) -> 44576 | D34: =TEXT(C34,"aaa") -> 土 | E34: 0.375 | F34: 0.73611111 | G34: 0.52083333 | H34: ～ | I34: 0.5625 | J34: =IFERROR(IF(G34="",0,I34-G34),"") -> 0.041666667 | K34: =IFERROR(IF(E34="",0,F34-E34-J34),"") -> 0.31944444 | L34: =IF(E34="",0,IF($A34=1,$K34,IF($C34="",0,IF($K34-$T$9<0,0,$K34-$T$9)))) -> 0.31944444 | O34: 現場から休日出勤要請、代休は2/4予定。 | T34: =E34 -> 0.375 | U34: =F34 -> 0.73611111 | V34: =IFERROR(IF(T34="",0,U34-T34-J34),"") -> 0.31944444 | W34: =IFERROR(FLOOR(K34,TIME(0,VLOOKUP($C$3,#REF!,22,0),0)),"") | AG34: =(Z34-Y34)+(AB34-AA34)+(AD34-AC34)+(AF34-AE34) -> 0
A35: =IF(COUNTIFS(祝日参照用!A:A,C35)=1,1,IF(D35="土",1,IF(D35="日",1,0))) -> 1 | C35: =IF(C34="","",IF(DAY(C34+1)=1,"",C34+1)) -> 44577 | D35: =TEXT(C35,"aaa") -> 日 | H35: ～ | J35: =IFERROR(IF(G35="",0,I35-G35),"") -> 0 | K35: =IFERROR(IF(E35="",0,F35-E35-J35),"") -> 0 | L35: =IF(E35="",0,IF($A35=1,$K35,IF($C35="",0,IF($K35-$T$9<0,0,$K35-$T$9)))) -> 0 | T35: =E35 -> 0 | U35: =F35 -> 0 | V35: =IFERROR(IF(T35="",0,U35-T35-J35),"") -> 0 | W35: =IFERROR(FLOOR(K35,TIME(0,VLOOKUP($C$3,#REF!,22,0),0)),"") | AG35: =(Z35-Y35)+(AB35-AA35)+(AD35-AC35)+(AF35-AE35) -> 0
A36: =IF(COUNTIFS(祝日参照用!A:A,C36)=1,1,IF(D36="土",1,IF(D36="日",1,0))) -> 0 | C36: =IF(C35="","",IF(DAY(C35+1)=1,"",C35+1)) -> 44578 | D36: =TEXT(C36,"aaa") -> 月 | E36: 0.37152778 | F36: 0.73611111 | G36: 0.52083333 | H36: ～ | I36: 0.5625 | J36: =IFERROR(IF(G36="",0,I36-G36),"") -> 0.041666667 | K36: =IFERROR(IF(E36="",0,F36-E36-J36),"") -> 0.32291667 | L36: =IF(E36="",0,IF($A36=1,$K36,IF($C36="",0,IF($K36-$T$9<0,0,$K36-$T$9)))) -> 0.0034722222 | T36: =E36 -> 0.37152778 | U36: =F36 -> 0.73611111 | V36: =IFERROR(IF(T36="",0,U36-T36-J36),"") -> 0.32291667 | W36: =IFERROR(FLOOR(K36,TIME(0,VLOOKUP($C$3,#REF!,22,0),0)),"") | AG36: =(Z36-Y36)+(AB36-AA36)+(AD36-AC36)+(AF36-AE36) -> 0
A37: =IF(COUNTIFS(祝日参照用!A:A,C37)=1,1,IF(D37="土",1,IF(D37="日",1,0))) -> 0 | C37: =IF(C36="","",IF(DAY(C36+1)=1,"",C36+1)) -> 44579 | D37: =TEXT(C37,"aaa") -> 火 | H37: ～ | J37: =IFERROR(IF(G37="",0,I37-G37),"") -> 0 | K37: =IFERROR(IF(E37="",0,F37-E37-J37),"") -> 0 | L37: =IF(E37="",0,IF($A37=1,$K37,IF($C37="",0,IF($K37-$T$9<0,0,$K37-$T$9)))) -> 0 | O37: 23日の振替休日 | T37: =E37 -> 0 | U37: =F37 -> 0 | V37: =IFERROR(IF(T37="",0,U37-T37-J37),"") -> 0 | W37: =IFERROR(FLOOR(K37,TIME(0,VLOOKUP($C$3,#REF!,22,0),0)),"") | AG37: =(Z37-Y37)+(AB37-AA37)+(AD37-AC37)+(AF37-AE37) -> 0
A38: =IF(COUNTIFS(祝日参照用!A:A,C38)=1,1,IF(D38="土",1,IF(D38="日",1,0))) -> 0 | C38: =IF(C37="","",IF(DAY(C37+1)=1,"",C37+1)) -> 44580 | D38: =TEXT(C38,"aaa") -> 水 | E38: 0.375 | F38: 0.73611111 | G38: 0.52083333 | H38: ～ | I38: 0.5625 | J38: =IFERROR(IF(G38="",0,I38-G38),"") -> 0.041666667 | K38: =IFERROR(IF(E38="",0,F38-E38-J38),"") -> 0.31944444 | L38: =IF(E38="",0,IF($A38=1,$K38,IF($C38="",0,IF($K38-$T$9<0,0,$K38-$T$9)))) -> 5.5511151e-17 | T38: =E38 -> 0.375 | U38: =F38 -> 0.73611111 | V38: =IFERROR(IF(T38="",0,U38-T38-J38),"") -> 0.31944444 | W38: =IFERROR(FLOOR(K38,TIME(0,VLOOKUP($C$3,#REF!,22,0),0)),"") | AG38: =(Z38-Y38)+(AB38-AA38)+(AD38-AC38)+(AF38-AE38) -> 0
A39: =IF(COUNTIFS(祝日参照用!A:A,C39)=1,1,IF(D39="土",1,IF(D39="日",1,0))) -> 0 | C39: =IF(C38="","",IF(DAY(C38+1)=1,"",C38+1)) -> 44581 | D39: =TEXT(C39,"aaa") -> 木 | E39: 0.37152778 | F39: 0.75 | G39: 0.52083333 | H39: ～ | I39: 0.5625 | J39: =IFERROR(IF(G39="",0,I39-G39),"") -> 0.041666667 | K39: =IFERROR(IF(E39="",0,F39-E39-J39),"") -> 0.33680556 | L39: =IF(E39="",0,IF($A39=1,$K39,IF($C39="",0,IF($K39-$T$9<0,0,$K39-$T$9)))) -> 0.017361111 | T39: =E39 -> 0.37152778 | U39: =F39 -> 0.75 | V39: =IFERROR(IF(T39="",0,U39-T39-J39),"") -> 0.33680556 | W39: =IFERROR(FLOOR(K39,TIME(0,VLOOKUP($C$3,#REF!,22,0),0)),"") | AG39: =(Z39-Y39)+(AB39-AA39)+(AD39-AC39)+(AF39-AE39) -> 0
A40: =IF(COUNTIFS(祝日参照用!A:A,C40)=1,1,IF(D40="土",1,IF(D40="日",1,0))) -> 0 | C40: =IF(C39="","",IF(DAY(C39+1)=1,"",C39+1)) -> 44582 | D40: =TEXT(C40,"aaa") -> 金 | E40: 0.41666667 | F40: 0.81944444 | G40: 0.5625 | H40: ～ | I40: 0.60416667 | J40: =IFERROR(IF(G40="",0,I40-G40),"") -> 0.041666667 | K40: =IFERROR(IF(E40="",0,F40-E40-J40),"") -> 0.36111111 | L40: =IF(E40="",0,IF($A40=1,$K40,IF($C40="",0,IF($K40-$T$9<0,0,$K40-$T$9)))) -> 0.041666667 | T40: =E40 -> 0.41666667 | U40: =F40 -> 0.81944444 | V40: =IFERROR(IF(T40="",0,U40-T40-J40),"") -> 0.36111111 | W40: =IFERROR(FLOOR(K40,TIME(0,VLOOKUP($C$3,#REF!,22,0),0)),"") | AG40: =(Z40-Y40)+(AB40-AA40)+(AD40-AC40)+(AF40-AE40) -> 0
A41: =IF(COUNTIFS(祝日参照用!A:A,C41)=1,1,IF(D41="土",1,IF(D41="日",1,0))) -> 1 | C41: =IF(C40="","",IF(DAY(C40+1)=1,"",C40+1)) -> 44583 | D41: =TEXT(C41,"aaa") -> 土 | J41: =IFERROR(IF(G41="",0,I41-G41),"") -> 0 | K41: =IFERROR(IF(E41="",0,F41-E41-J41),"") -> 0 | L41: =IF(E41="",0,IF($A41=1,$K41,IF($C41="",0,IF($K41-$T$9<0,0,$K41-$T$9)))) -> 0 | T41: =E41 -> 0 | U41: =F41 -> 0 | V41: =IFERROR(IF(T41="",0,U41-T41-J41),"") -> 0 | W41: =IFERROR(FLOOR(K41,TIME(0,VLOOKUP($C$3,#REF!,22,0),0)),"") | AG41: =(Z41-Y41)+(AB41-AA41)+(AD41-AC41)+(AF41-AE41) -> 0
A42: =IF(COUNTIFS(祝日参照用!A:A,C42)=1,1,IF(D42="土",1,IF(D42="日",1,0))) -> 1 | C42: =IF(C41="","",IF(DAY(C41+1)=1,"",C41+1)) -> 44584 | D42: =TEXT(C42,"aaa") -> 日 | E42: 0.375 | F42: 0.66666667 | G42: 0.5625 | H42: ～ | I42: 0.60416667 | J42: =IFERROR(IF(G42="",0,I42-G42),"") -> 0.041666667 | K42: =IFERROR(IF(E42="",0,F42-E42-J42),"") -> 0.25 | L42: =IF(E42="",0,IF($A42=1,$K42,IF($C42="",0,IF($K42-$T$9<0,0,$K42-$T$9)))) -> 0.25 | O42: 現場から休日出勤要請、代休は1/18取得済み。 | T42: =E42 -> 0.375 | U42: =F42 -> 0.66666667 | V42: =IFERROR(IF(T42="",0,U42-T42-J42),"") -> 0.25 | W42: =IFERROR(FLOOR(K42,TIME(0,VLOOKUP($C$3,#REF!,22,0),0)),"") | AG42: =(Z42-Y42)+(AB42-AA42)+(AD42-AC42)+(AF42-AE42) -> 0
A43: =IF(COUNTIFS(祝日参照用!A:A,C43)=1,1,IF(D43="土",1,IF(D43="日",1,0))) -> 0 | C43: =IF(C42="","",IF(DAY(C42+1)=1,"",C42+1)) -> 44585 | D43: =TEXT(C43,"aaa") -> 月 | E43: 0.375 | F43: 0.73611111 | G43: 0.52083333 | H43: ～ | I43: 0.5625 | J43: =IFERROR(IF(G43="",0,I43-G43),"") -> 0.041666667 | K43: =IFERROR(IF(E43="",0,F43-E43-J43),"") -> 0.31944444 | L43: =IF(E43="",0,IF($A43=1,$K43,IF($C43="",0,IF($K43-$T$9<0,0,$K43-$T$9)))) -> 5.5511151e-17 | T43: =E43 -> 0.375 | U43: =F43 -> 0.73611111 | V43: =IFERROR(IF(T43="",0,U43-T43-J43),"") -> 0.31944444 | W43: =IFERROR(FLOOR(K43,TIME(0,VLOOKUP($C$3,#REF!,22,0),0)),"") | AG43: =(Z43-Y43)+(AB43-AA43)+(AD43-AC43)+(AF43-AE43) -> 0
A44: =IF(COUNTIFS(祝日参照用!A:A,C44)=1,1,IF(D44="土",1,IF(D44="日",1,0))) -> 0 | C44: =IF(C43="","",IF(DAY(C43+1)=1,"",C43+1)) -> 44586 | D44: =TEXT(C44,"aaa") -> 火 | E44: 0.375 | F44: 0.73611111 | G44: 0.52083333 | H44: ～ | I44: 0.5625 | J44: =IFERROR(IF(G44="",0,I44-G44),"") -> 0.041666667 | K44: =IFERROR(IF(E44="",0,F44-E44-J44),"") -> 0.31944444 | L44: =IF(E44="",0,IF($A44=1,$K44,IF($C44="",0,IF($K44-$T$9<0,0,$K44-$T$9)))) -> 5.5511151e-17 | T44: =E44 -> 0.375 | U44: =F44 -> 0.73611111 | V44: =IFERROR(IF(T44="",0,U44-T44-J44),"") -> 0.31944444 | W44: =IFERROR(FLOOR(K44,TIME(0,VLOOKUP($C$3,#REF!,22,0),0)),"") | AG44: =(Z44-Y44)+(AB44-AA44)+(AD44-AC44)+(AF44-AE44) -> 0
A45: =IF(COUNTIFS(祝日参照用!A:A,C45)=1,1,IF(D45="土",1,IF(D45="日",1,0))) -> 0 | C45: =IF(C44="","",IF(DAY(C44+1)=1,"",C44+1)) -> 44587 | D45: =TEXT(C45,"aaa") -> 水 | E45: 0.375 | F45: 0.73611111 | G45: 0.52083333 | H45: ～ | I45: 0.5625 | J45: =IFERROR(IF(G45="",0,I45-G45),"") -> 0.041666667 | K45: =IFERROR(IF(E45="",0,F45-E45-J45),"") -> 0.31944444 | L45: =IF(E45="",0,IF($A45=1,$K45,IF($C45="",0,IF($K45-$T$9<0,0,$K45-$T$9)))) -> 5.5511151e-17 | T45: =E45 -> 0.375 | U45: =F45 -> 0.73611111 | V45: =IFERROR(IF(T45="",0,U45-T45-J45),"") -> 0.31944444 | W45: =IFERROR(FLOOR(K45,TIME(0,VLOOKUP($C$3,#REF!,22,0),0)),"") | AG45: =(Z45-Y45)+(AB45-AA45)+(AD45-AC45)+(AF45-AE45) -> 0
A46: =IF(COUNTIFS(祝日参照用!A:A,C46)=1,1,IF(D46="土",1,IF(D46="日",1,0))) -> 0 | C46: =IF(C45="","",IF(DAY(C45+1)=1,"",C45+1)) -> 44588 | D46: =TEXT(C46,"aaa") -> 木 | E46: 0.375 | F46: 0.73611111 | G46: 0.52083333 | H46: ～ | I46: 0.5625 | J46: =IFERROR(IF(G46="",0,I46-G46),"") -> 0.041666667 | K46: =IFERROR(IF(E46="",0,F46-E46-J46),"") -> 0.31944444 | L46: =IF(E46="",0,IF($A46=1,$K46,IF($C46="",0,IF($K46-$T$9<0,0,$K46-$T$9)))) -> 5.5511151e-17 | T46: =E46 -> 0.375 | U46: =F46 -> 0.73611111 | V46: =IFERROR(IF(T46="",0,U46-T46-J46),"") -> 0.31944444 | W46: =IFERROR(FLOOR(K46,TIME(0,VLOOKUP($C$3,#REF!,22,0),0)),"") | AG46: =(Z46-Y46)+(AB46-AA46)+(AD46-AC46)+(AF46-AE46) -> 0
A47: =IF(COUNTIFS(祝日参照用!A:A,C47)=1,1,IF(D47="土",1,IF(D47="日",1,0))) -> 0 | C47: =IF(C46="","",IF(DAY(C46+1)=1,"",C46+1)) -> 44589 | D47: =TEXT(C47,"aaa") -> 金 | H47: ～ | J47: =IFERROR(IF(G47="",0,I47-G47),"") -> 0 | K47: =IFERROR(IF(E47="",0,F47-E47-J47),"") -> 0 | L47: =IF(E47="",0,IF($A47=1,$K47,IF($C47="",0,IF($K47-$T$9<0,0,$K47-$T$9)))) -> 0 | O47: 体調不良で欠勤 | T47: =E47 -> 0 | U47: =F47 -> 0 | V47: =IFERROR(IF(T47="",0,U47-T47-J47),"") -> 0 | W47: =IFERROR(FLOOR(K47,TIME(0,VLOOKUP($C$3,#REF!,22,0),0)),"") | AG47: =(Z47-Y47)+(AB47-AA47)+(AD47-AC47)+(AF47-AE47) -> 0
A48: =IF(COUNTIFS(祝日参照用!A:A,C48)=1,1,IF(D48="土",1,IF(D48="日",1,0))) -> 1 | C48: =IF(C47="","",IF(DAY(C47+1)=1,"",C47+1)) -> 44590 | D48: =TEXT(C48,"aaa") -> 土 | H48: ～ | J48: =IFERROR(IF(G48="",0,I48-G48),"") -> 0 | K48: =IFERROR(IF(E48="",0,F48-E48-J48),"") -> 0 | L48: =IF(E48="",0,IF($A48=1,$K48,IF($C48="",0,IF($K48-$T$9<0,0,$K48-$T$9)))) -> 0 | T48: =E48 -> 0 | U48: =F48 -> 0 | V48: =IFERROR(IF(T48="",0,U48-T48-J48),"") -> 0 | W48: =IFERROR(FLOOR(K48,TIME(0,VLOOKUP($C$3,#REF!,22,0),0)),"") | AG48: =(Z48-Y48)+(AB48-AA48)+(AD48-AC48)+(AF48-AE48) -> 0
A49: =IF(COUNTIFS(祝日参照用!A:A,C49)=1,1,IF(D49="土",1,IF(D49="日",1,0))) -> 1 | C49: =IF(C48="","",IF(DAY(C48+1)=1,"",C48+1)) -> 44591 | D49: =TEXT(C49,"aaa") -> 日 | H49: ～ | J49: =IFERROR(IF(G49="",0,I49-G49),"") -> 0 | K49: =IFERROR(IF(E49="",0,F49-E49-J49),"") -> 0 | L49: =IF(E49="",0,IF($A49=1,$K49,IF($C49="",0,IF($K49-$T$9<0,0,$K49-$T$9)))) -> 0 | T49: =E49 -> 0 | U49: =F49 -> 0 | V49: =IFERROR(IF(T49="",0,U49-T49-J49),"") -> 0 | W49: =IFERROR(FLOOR(K49,TIME(0,VLOOKUP($C$3,#REF!,22,0),0)),"") | AG49: =(Z49-Y49)+(AB49-AA49)+(AD49-AC49)+(AF49-AE49) -> 0
A50: =IF(COUNTIFS(祝日参照用!A:A,C50)=1,1,IF(D50="土",1,IF(D50="日",1,0))) -> 0 | C50: =IF(C49="","",IF(DAY(C49+1)=1,"",C49+1)) -> 44592 | D50: =TEXT(C50,"aaa") -> 月 | E50: 0.33333333 | F50: 0.69444444 | G50: 0.52083333 | H50: ～ | I50: 0.5625 | J50: =IFERROR(IF(G50="",0,I50-G50),"") -> 0.041666667 | K50: =IFERROR(IF(E50="",0,F50-E50-J50),"") -> 0.31944444 | L50: =IF(E50="",0,IF($A50=1,$K50,IF($C50="",0,IF($K50-$T$9<0,0,$K50-$T$9)))) -> 1.110223e-16 | O50: 現場判断で時差出勤 | T50: =E50 -> 0.33333333 | U50: =F50 -> 0.69444444 | V50: =IFERROR(IF(T50="",0,U50-T50-J50),"") -> 0.31944444 | W50: =IFERROR(FLOOR(K50,TIME(0,VLOOKUP($C$3,#REF!,22,0),0)),"") | AG50: =(Z50-Y50)+(AB50-AA50)+(AD50-AC50)+(AF50-AE50) -> 0
J51: =SUM(J20:J50) -> 0.79166667 | K51: =SUM(K20:K50) -> 6.3263889 | L51: =SUM(L20:L50) -> 0.89583333 | M51: =SUM(M20:M50) -> 0 | N51: =SUM(N20:N50) -> 0 | V51: =SUM(V20:V50) -> 6.3263889 | W51: =SUM(W20:W50) -> 0

Sheet 社員10
C1: SuccessHolders 勤務報告書 | M1: (西暦) | O1: =#REF! -> #REF! | Q1: 年 | R1: =#REF! -> #REF! | S1: 月分 | Y1: 勤怠サマリーへ
C2: 社員10 | Q2: 勤務日数： | S2: =COUNTA(E14:E44)&"日" -> 0日
C3: 派遣先企業名 | F3: =VLOOKUP($C$2,#REF!,4,0) -> #REF! | N3: 派遣先事業所名
C4: 派遣先住所
C5: 就業部署名 | N5: 連絡先
C6: 業務に伴う 責任の程度 | F6: (業務内容) | N6: 役職名 | R6: 部下 人数
C7: 実際の就業場所 | M7: 勤怠パターン | O7: 勤務時間 | R7: 休憩時間 | T7: 規定時間
O8: 0.35416667 | P8: ～ | Q8: 0.72916667 | R8: 0.041666667 | T8: =Q8-O8-R8 -> 0.33333333
P9: ～ | T9: =Q9-O9-R9 -> 0
B10: 氏名 | C10: 氏名 | F10: =VLOOKUP($C$2,#REF!,3,0) -> #REF! | O10: フレックスタイム制 | S10: 非対象
O11: 変形労働時間制 | S11: 非対象
A13: 祝日判定 | B13: チェック | C13: 月 日 | D13: 曜 日 | E13: 出勤 時刻 | F13: 退勤 時刻 | G13: 休憩 時刻 | J13: 休憩 時間 | K13: 所定 時間 | L13: 法定外 残業 | M13: 深夜 時間 | N13: 不就労 | O13: 業務内容・作業進捗状況・その他 | T13: 出勤時刻(KOT) | U13: 退勤時刻 (KOT) | V13: 所定時間 (KOT) | W13: 所定時間 (調整) | X13: 日当計算
A14: =IF(COUNTIFS(祝日参照用!A:A,C14)=1,1,IF(D14="土",1,IF(D14="日",1,0))) -> 0 | C14: =IFERROR(DATE(O1,R1,1),"") | D14: =TEXT(C14,"ddd") | H14: =IF(G14="","","～") | J14: =IFERROR(IF(G14="",0,I14-G14),"") -> 0 | K14: =IFERROR(IF(E14="",0,F14-E14-J14),"") -> 0 | L14: =IF(E14="",0,IF($A14=1,$K14,IF($C14="",0,IF($K14-$T$8<0,0,$K14-$T$8)))) -> 0 | V14: =IFERROR(IF(T14="",0,U14-T14-J14),"") -> 0 | W14: =IFERROR(FLOOR(K14,TIME(0,VLOOKUP($C$2,#REF!,22,0),0)),"") | X14: =IF(VLOOKUP($C$2,#REF!,24,0)="日当",IF(K14=0,"",IF(K14<T$8,VLOOKUP($C$2,#REF!,21,0)*VALUE(K14-T$8)*24+VLOOKUP($C$2,#REF!,19,0),VLOOKUP($C$2,#REF!,20,0)*VALUE(K14-T$8)*24+VLOOKUP($C$2,#REF!,19,0))),"") -> #REF!
A15: =IF(COUNTIFS(祝日参照用!A:A,C15)=1,1,IF(D15="土",1,IF(D15="日",1,0))) -> 0 | C15: =IF(C14="","",IF(DAY(C14+1)=1,"",C14+1)) | D15: =TEXT(C15,"ddd") | H15: =IF(G15="","","～") | J15: =IFERROR(IF(G15="",0,I15-G15),"") -> 0 | K15: =IFERROR(IF(E15="",0,F15-E15-J15),"") -> 0 | L15: =IF(E15="",0,IF($A15=1,$K15,IF($C15="",0,IF($K15-$T$8<0,0,$K15-$T$8)))) -> 0 | V15: =IFERROR(IF(T15="",0,U15-T15-J15),"") -> 0 | W15: =IFERROR(FLOOR(K15,TIME(0,VLOOKUP($C$2,#REF!,22,0),0)),"") | X15: =IF(VLOOKUP($C$2,#REF!,24,0)="日当",IF(K15=0,"",IF(K15<T$8,VLOOKUP($C$2,#REF!,21,0)*VALUE(K15-T$8)*24+VLOOKUP($C$2,#REF!,19,0),VLOOKUP($C$2,#REF!,20,0)*VALUE(K15-T$8)*24+VLOOKUP($C$2,#REF!,19,0))),"") -> #REF!
A16: =IF(COUNTIFS(祝日参照用!A:A,C16)=1,1,IF(D16="土",1,IF(D16="日",1,0))) -> 0 | C16: =IF(C15="","",IF(DAY(C15+1)=1,"",C15+1)) | D16: =TEXT(C16,"ddd") | H16: =IF(G16="","","～") | J16: =IFERROR(IF(G16="",0,I16-G16),"") -> 0 | K16: =IFERROR(IF(E16="",0,F16-E16-J16),"") -> 0 | L16: =IF(E16="",0,IF($A16=1,$K16,IF($C16="",0,IF($K16-$T$8<0,0,$K16-$T$8)))) -> 0 | V16: =IFERROR(IF(T16="",0,U16-T16-J16),"") -> 0 | W16: =IFERROR(FLOOR(K16,TIME(0,VLOOKUP($C$2,#REF!,22,0),0)),"") | X16: =IF(VLOOKUP($C$2,#REF!,24,0)="日当",IF(K16=0,"",IF(K16<T$8,VLOOKUP($C$2,#REF!,21,0)*VALUE(K16-T$8)*24+VLOOKUP($C$2,#REF!,19,0),VLOOKUP($C$2,#REF!,20,0)*VALUE(K16-T$8)*24+VLOOKUP($C$2,#REF!,19,0))),"") -> #REF!
A17: =IF(COUNTIFS(祝日参照用!A:A,C17)=1,1,IF(D17="土",1,IF(D17="日",1,0))) -> 0 | C17: =IF(C16="","",IF(DAY(C16+1)=1,"",C16+1)) | D17: =TEXT(C17,"ddd") | H17: =IF(G17="","","～") | J17: =IFERROR(IF(G17="",0,I17-G17),"") -> 0 | K17: =IFERROR(IF(E17="",0,F17-E17-J17),"") -> 0 | L17: =IF(E17="",0,IF($A17=1,$K17,IF($C17="",0,IF($K17-$T$8<0,0,$K17-$T$8)))) -> 0 | V17: =IFERROR(IF(T17="",0,U17-T17-J17),"") -> 0 | W17: =IFERROR(FLOOR(K17,TIME(0,VLOOKUP($C$2,#REF!,22,0),0)),"") | X17: =IF(VLOOKUP($C$2,#REF!,24,0)="日当",IF(K17=0,"",IF(K17<T$8,VLOOKUP($C$2,#REF!,21,0)*VALUE(K17-T$8)*24+VLOOKUP($C$2,#REF!,19,0),VLOOKUP($C$2,#REF!,20,0)*VALUE(K17-T$8)*24+VLOOKUP($C$2,#REF!,19,0))),"") -> #REF!
A18: =IF(COUNTIFS(祝日参照用!A:A,C18)=1,1,IF(D18="土",1,IF(D18="日",1,0))) -> 0 | C18: =IF(C17="","",IF(DAY(C17+1)=1,"",C17+1)) | D18: =TEXT(C18,"ddd") | H18: =IF(G18="","","～") | J18: =IFERROR(IF(G18="",0,I18-G18),"") -> 0 | K18: =IFERROR(IF(E18="",0,F18-E18-J18),"") -> 0 | L18: =IF(E18="",0,IF($A18=1,$K18,IF($C18="",0,IF($K18-$T$8<0,0,$K18-$T$8)))) -> 0 | V18: =IFERROR(IF(T18="",0,U18-T18-J18),"") -> 0 | W18: =IFERROR(FLOOR(K18,TIME(0,VLOOKUP($C$2,#REF!,22,0),0)),"") | X18: =IF(VLOOKUP($C$2,#REF!,24,0)="日当",IF(K18=0,"",IF(K18<T$8,VLOOKUP($C$2,#REF!,21,0)*VALUE(K18-T$8)*24+VLOOKUP($C$2,#REF!,19,0),VLOOKUP($C$2,#REF!,20,0)*VALUE(K18-T$8)*24+VLOOKUP($C$2,#REF!,19,0))),"") -> #REF!
A19: =IF(COUNTIFS(祝日参照用!A:A,C19)=1,1,IF(D19="土",1,IF(D19="日",1,0))) -> 0 | C19: =IF(C18="","",IF(DAY(C18+1)=1,"",C18+1)) | D19: =TEXT(C19,"ddd") | H19: =IF(G19="","","～") | J19: =IFERROR(IF(G19="",0,I19-G19),"") -> 0 | K19: =IFERROR(IF(E19="",0,F19-E19-J19),"") -> 0 | L19: =IF(E19="",0,IF($A19=1,$K19,IF($C19="",0,IF($K19-$T$8<0,0,$K19-$T$8)))) -> 0 | V19: =IFERROR(IF(T19="",0,U19-T19-J19),"") -> 0 | W19: =IFERROR(FLOOR(K19,TIME(0,VLOOKUP($C$2,#REF!,22,0),0)),"") | X19: =IF(VLOOKUP($C$2,#REF!,24,0)="日当",IF(K19=0,"",IF(K19<T$8,VLOOKUP($C$2,#REF!,21,0)*VALUE(K19-T$8)*24+VLOOKUP($C$2,#REF!,19,0),VLOOKUP($C$2,#REF!,20,0)*VALUE(K19-T$8)*24+VLOOKUP($C$2,#REF!,19,0))),"") -> #REF!
A20: =IF(COUNTIFS(祝日参照用!A:A,C20)=1,1,IF(D20="土",1,IF(D20="日",1,0))) -> 0 | C20: =IF(C19="","",IF(DAY(C19+1)=1,"",C19+1)) | D20: =TEXT(C20,"ddd") | H20: =IF(G20="","","～") | J20: =IFERROR(IF(G20="",0,I20-G20),"") -> 0 | K20: =IFERROR(IF(E20="",0,F20-E20-J20),"") -> 0 | L20: =IF(E20="",0,IF($A20=1,$K20,IF($C20="",0,IF($K20-$T$8<0,0,$K20-$T$8)))) -> 0 | V20: =IFERROR(IF(T20="",0,U20-T20-J20),"") -> 0 | W20: =IFERROR(FLOOR(K20,TIME(0,VLOOKUP($C$2,#REF!,22,0),0)),"") | X20: =IF(VLOOKUP($C$2,#REF!,24,0)="日当",IF(K20=0,"",IF(K20<T$8,VLOOKUP($C$2,#REF!,21,0)*VALUE(K20-T$8)*24+VLOOKUP($C$2,#REF!,19,0),VLOOKUP($C$2,#REF!,20,0)*VALUE(K20-T$8)*24+VLOOKUP($C$2,#REF!,19,0))),"") -> #REF!
A21: =IF(COUNTIFS(祝日参照用!A:A,C21)=1,1,IF(D21="土",1,IF(D21="日",1,0))) -> 0 | C21: =IF(C20="","",IF(DAY(C20+1)=1,"",C20+1)) | D21: =TEXT(C21,"ddd") | H21: =IF(G21="","","～") | J21: =IFERROR(IF(G21="",0,I21-G21),"") -> 0 | K21: =IFERROR(IF(E21="",0,F21-E21-J21),"") -> 0 | L21: =IF(E21="",0,IF($A21=1,$K21,IF($C21="",0,IF($K21-$T$8<0,0,$K21-$T$8)))) -> 0 | V21: =IFERROR(IF(T21="",0,U21-T21-J21),"") -> 0 | W21: =IFERROR(FLOOR(K21,TIME(0,VLOOKUP($C$2,#REF!,22,0),0)),"") | X21: =IF(VLOOKUP($C$2,#REF!,24,0)="日当",IF(K21=0,"",IF(K21<T$8,VLOOKUP($C$2,#REF!,21,0)*VALUE(K21-T$8)*24+VLOOKUP($C$2,#REF!,19,0),VLOOKUP($C$2,#REF!,20,0)*VALUE(K21-T$8)*24+VLOOKUP($C$2,#REF!,19,0))),"") -> #REF!
A22: =IF(COUNTIFS(祝日参照用!A:A,C22)=1,1,IF(D22="土",1,IF(D22="日",1,0))) -> 0 | C22: =IF(C21="","",IF(DAY(C21+1)=1,"",C21+1)) | D22: =TEXT(C22,"ddd") | H22: =IF(G22="","","～") | J22: =IFERROR(IF(G22="",0,I22-G22),"") -> 0 | K22: =IFERROR(IF(E22="",0,F22-E22-J22),"") -> 0 | L22: =IF(E22="",0,IF($A22=1,$K22,IF($C22="",0,IF($K22-$T$8<0,0,$K22-$T$8)))) -> 0 | V22: =IFERROR(IF(T22="",0,U22-T22-J22),"") -> 0 | W22: =IFERROR(FLOOR(K22,TIME(0,VLOOKUP($C$2,#REF!,22,0),0)),"") | X22: =IF(VLOOKUP($C$2,#REF!,24,0)="日当",IF(K22=0,"",IF(K22<T$8,VLOOKUP($C$2,#REF!,21,0)*VALUE(K22-T$8)*24+VLOOKUP($C$2,#REF!,19,0),VLOOKUP($C$2,#REF!,20,0)*VALUE(K22-T$8)*24+VLOOKUP($C$2,#REF!,19,0))),"") -> #REF!
A23: =IF(COUNTIFS(祝日参照用!A:A,C23)=1,1,IF(D23="土",1,IF(D23="日",1,0))) -> 0 | C23: =IF(C22="","",IF(DAY(C22+1)=1,"",C22+1)) | D23: =TEXT(C23,"ddd") | H23: =IF(G23="","","～") | J23: =IFERROR(IF(G23="",0,I23-G23),"") -> 0 | K23: =IFERROR(IF(E23="",0,F23-E23-J23),"") -> 0 | L23: =IF(E23="",0,IF($A23=1,$K23,IF($C23="",0,IF($K23-$T$8<0,0,$K23-$T$8)))) -> 0 | V23: =IFERROR(IF(T23="",0,U23-T23-J23),"") -> 0 | W23: =IFERROR(FLOOR(K23,TIME(0,VLOOKUP($C$2,#REF!,22,0),0)),"") | X23: =IF(VLOOKUP($C$2,#REF!,24,0)="日当",IF(K23=0,"",IF(K23<T$8,VLOOKUP($C$2,#REF!,21,0)*VALUE(K23-T$8)*24+VLOOKUP($C$2,#REF!,19,0),VLOOKUP($C$2,#REF!,20,0)*VALUE(K23-T$8)*24+VLOOKUP($C$2,#REF!,19,0))),"") -> #REF!
A24: =IF(COUNTIFS(祝日参照用!A:A,C24)=1,1,IF(D24="土",1,IF(D24="日",1,0))) -> 0 | C24: =IF(C23="","",IF(DAY(C23+1)=1,"",C23+1)) | D24: =TEXT(C24,"ddd") | H24: =IF(G24="","","～") | J24: =IFERROR(IF(G24="",0,I24-G24),"") -> 0 | K24: =IFERROR(IF(E24="",0,F24-E24-J24),"") -> 0 | L24: =IF(E24="",0,IF($A24=1,$K24,IF($C24="",0,IF($K24-$T$8<0,0,$K24-$T$8)))) -> 0 | V24: =IFERROR(IF(T24="",0,U24-T24-J24),"") -> 0 | W24: =IFERROR(FLOOR(K24,TIME(0,VLOOKUP($C$2,#REF!,22,0),0)),"") | X24: =IF(VLOOKUP($C$2,#REF!,24,0)="日当",IF(K24=0,"",IF(K24<T$8,VLOOKUP($C$2,#REF!,21,0)*VALUE(K24-T$8)*24+VLOOKUP($C$2,#REF!,19,0),VLOOKUP($C$2,#REF!,20,0)*VALUE(K24-T$8)*24+VLOOKUP($C$2,#REF!,19,0))),"") -> #REF!
A25: =IF(COUNTIFS(祝日参照用!A:A,C25)=1,1,IF(D25="土",1,IF(D25="日",1,0))) -> 0 | C25: =IF(C24="","",IF(DAY(C24+1)=1,"",C24+1)) | D25: =TEXT(C25,"ddd") | H25: =IF(G25="","","～") | J25: =IFERROR(IF(G25="",0,I25-G25),"") -> 0 | K25: =IFERROR(IF(E25="",0,F25-E25-J25),"") -> 0 | L25: =IF(E25="",0,IF($A25=1,$K25,IF($C25="",0,IF($K25-$T$8<0,0,$K25-$T$8)))) -> 0 | V25: =IFERROR(IF(T25="",0,U25-T25-J25),"") -> 0 | W25: =IFERROR(FLOOR(K25,TIME(0,VLOOKUP($C$2,#REF!,22,0),0)),"") | X25: =IF(VLOOKUP($C$2,#REF!,24,0)="日当",IF(K25=0,"",IF(K25<T$8,VLOOKUP($C$2,#REF!,21,0)*VALUE(K25-T$8)*24+VLOOKUP($C$2,#REF!,19,0),VLOOKUP($C$2,#REF!,20,0)*VALUE(K25-T$8)*24+VLOOKUP($C$2,#REF!,19,0))),"") -> #REF!
A26: =IF(COUNTIFS(祝日参照用!A:A,C26)=1,1,IF(D26="土",1,IF(D26="日",1,0))) -> 0 | C26: =IF(C25="","",IF(DAY(C25+1)=1,"",C25+1)) | D26: =TEXT(C26,"ddd") | H26: =IF(G26="","","～") | J26: =IFERROR(IF(G26="",0,I26-G26),"") -> 0 | K26: =IFERROR(IF(E26="",0,F26-E26-J26),"") -> 0 | L26: =IF(E26="",0,IF($A26=1,$K26,IF($C26="",0,IF($K26-$T$8<0,0,$K26-$T$8)))) -> 0 | V26: =IFERROR(IF(T26="",0,U26-T26-J26),"") -> 0 | W26: =IFERROR(FLOOR(K26,TIME(0,VLOOKUP($C$2,#REF!,22,0),0)),"") | X26: =IF(VLOOKUP($C$2,#REF!,24,0)="日当",IF(K26=0,"",IF(K26<T$8,VLOOKUP($C$2,#REF!,21,0)*VALUE(K26-T$8)*24+VLOOKUP($C$2,#REF!,19,0),VLOOKUP($C$2,#REF!,20,0)*VALUE(K26-T$8)*24+VLOOKUP($C$2,#REF!,19,0))),"") -> #REF!
... A44: =IF(COUNTIFS(祝日参照用!A:A,C44)=1,1,IF(D44="土",1,IF(D44="日",1,0))) -> 0 | C44: =IF(C43="","",IF(DAY(C43+1)=1,"",C43+1)) | D44: =TEXT(C44,"ddd") | H44: =IF(G44="","","～") | J44: =IFERROR(IF(G44="",0,I44-G44),"") -> 0 | K44: =IFERROR(IF(E44="",0,F44-E44-J44),"") -> 0 | L44: =IF(E44="",0,IF($A44=1,$K44,IF($C44="",0,IF($K44-$T$8<0,0,$K44-$T$8)))) -> 0 | V44: =IFERROR(IF(T44="",0,U44-T44-J44),"") -> 0 | W44: =IFERROR(FLOOR(K44,TIME(0,VLOOKUP($C$2,#REF!,22,0),0)),"") | X44: =IF(VLOOKUP($C$2,#REF!,24,0)="日当",IF(K44=0,"",IF(K44<T$8,VLOOKUP($C$2,#REF!,21,0)*VALUE(K44-T$8)*24+VLOOKUP($C$2,#REF!,19,0),VLOOKUP($C$2,#REF!,20,0)*VALUE(K44-T$8)*24+VLOOKUP($C$2,#REF!,19,0))),"") -> #REF!
J45: =SUM(J14:J44) -> 0 | K45: =SUM(K14:K44) -> 0 | L45: =SUM(L14:L44) -> 0 | M45: =SUM(M14:M44) -> 0 | N45: =SUM(N14:N44) -> 0 | V45: =SUM(V14:V44) -> 0 | W45: =SUM(W14:W44) -> 0 | X45: =IF(Z5="日当",SUM(X14:X44),"")

Sheet 社員32
C1: SuccessHolders 勤務報告書 | M1: (西暦) | O1: =#REF! -> #REF! | Q1: 年 | R1: =#REF! -> #REF! | S1: 月分 | Y1: 勤怠サマリーへ
C2: 社員32 | Q2: 勤務日数： | S2: =COUNTA(E14:E44)&"日" -> 0日
C3: 派遣先企業名 | F3: =VLOOKUP($C$2,#REF!,4,0) -> #REF! | N3: 派遣先事業所名
C4: 派遣先住所
C5: 就業部署名 | N5: 連絡先
C6: 業務に伴う 責任の程度 | F6: (業務内容) | N6: 役職名 | R6: 部下 人数
C7: 実際の就業場所 | M7: 勤怠パターン | O7: 勤務時間 | R7: 休憩時間 | T7: 規定時間
O8: 0.375 | P8: ～ | Q8: 0.72916667 | R8: 0.041666667 | T8: =Q8-O8-R8 -> 0.3125
P9: ～ | T9: =Q9-O9-R9 -> 0
B10: 氏名 | C10: 氏名 | F10: =VLOOKUP($C$2,#REF!,3,0) -> #REF! | O10: フレックスタイム制
O11: 変形労働時間制
A13: 祝日判定 | B13: チェック | C13: 月 日 | D13: 曜 日 | E13: 出勤 時刻 | F13: 退勤 時刻 | G13: 休憩 時刻 | J13: 休憩 時間 | K13: 所定 時間 | L13: 法定外 残業 | M13: 深夜 時間 | N13: 不就労 | O13: 業務内容・作業進捗状況・その他 | T13: 出勤時刻(KOT) | U13: 退勤時刻 (KOT) | V13: 所定時間 (KOT) | W13: 所定時間 (調整) | X13: 日当計算
A14: =IF(COUNTIFS(祝日参照用!A:A,C14)=1,1,IF(D14="土",1,IF(D14="日",1,0))) -> 0 | C14: =IFERROR(DATE(O1,R1,1),"") | D14: =TEXT(C14,"ddd") | H14: =IF(G14="","","～") | J14: =IFERROR(IF(G14="",0,I14-G14),"") -> 0 | K14: =IFERROR(IF(E14="",0,F14-E14-J14),"") -> 0 | L14: =IF(E14="",0,IF($A14=1,$K14,IF($C14="",0,IF($K14-$T$8<0,0,$K14-$T$8)))) -> 0 | V14: =IFERROR(IF(T14="",0,U14-T14-J14),"") -> 0 | W14: =IFERROR(FLOOR(K14,TIME(0,VLOOKUP($C$2,#REF!,22,0),0)),"") | X14: =IF(VLOOKUP($C$2,#REF!,24,0)="日当",IF(K14=0,"",IF(K14<T$8,VLOOKUP($C$2,#REF!,21,0)*VALUE(K14-T$8)*24+VLOOKUP($C$2,#REF!,19,0),VLOOKUP($C$2,#REF!,20,0)*VALUE(K14-T$8)*24+VLOOKUP($C$2,#REF!,19,0))),"") -> #REF!
A15: =IF(COUNTIFS(祝日参照用!A:A,C15)=1,1,IF(D15="土",1,IF(D15="日",1,0))) -> 0 | C15: =IF(C14="","",IF(DAY(C14+1)=1,"",C14+1)) | D15: =TEXT(C15,"ddd") | H15: =IF(G15="","","～") | J15: =IFERROR(IF(G15="",0,I15-G15),"") -> 0 | K15: =IFERROR(IF(E15="",0,F15-E15-J15),"") -> 0 | L15: =IF(E15="",0,IF($A15=1,$K15,IF($C15="",0,IF($K15-$T$8<0,0,$K15-$T$8)))) -> 0 | V15: =IFERROR(IF(T15="",0,U15-T15-J15),"") -> 0 | W15: =IFERROR(FLOOR(K15,TIME(0,VLOOKUP($C$2,#REF!,22,0),0)),"") | X15: =IF(VLOOKUP($C$2,#REF!,24,0)="日当",IF(K15=0,"",IF(K15<T$8,VLOOKUP($C$2,#REF!,21,0)*VALUE(K15-T$8)*24+VLOOKUP($C$2,#REF!,19,0),VLOOKUP($C$2,#REF!,20,0)*VALUE(K15-T$8)*24+VLOOKUP($C$2,#REF!,19,0))),"") -> #REF!
A16: =IF(COUNTIFS(祝日参照用!A:A,C16)=1,1,IF(D16="土",1,IF(D16="日",1,0))) -> 0 | C16: =IF(C15="","",IF(DAY(C15+1)=1,"",C15+1)) | D16: =TEXT(C16,"ddd") | H16: =IF(G16="","","～") | J16: =IFERROR(IF(G16="",0,I16-G16),"") -> 0 | K16: =IFERROR(IF(E16="",0,F16-E16-J16),"") -> 0 | L16: =IF(E16="",0,IF($A16=1,$K16,IF($C16="",0,IF($K16-$T$8<0,0,$K16-$T$8)))) -> 0 | V16: =IFERROR(IF(T16="",0,U16-T16-J16),"") -> 0 | W16: =IFERROR(FLOOR(K16,TIME(0,VLOOKUP($C$2,#REF!,22,0),0)),"") | X16: =IF(VLOOKUP($C$2,#REF!,24,0)="日当",IF(K16=0,"",IF(K16<T$8,VLOOKUP($C$2,#REF!,21,0)*VALUE(K16-T$8)*24+VLOOKUP($C$2,#REF!,19,0),VLOOKUP($C$2,#REF!,20,0)*VALUE(K16-T$8)*24+VLOOKUP($C$2,#REF!,19,0))),"") -> #REF!
A17: =IF(COUNTIFS(祝日参照用!A:A,C17)=1,1,IF(D17="土",1,IF(D17="日",1,0))) -> 0 | C17: =IF(C16="","",IF(DAY(C16+1)=1,"",C16+1)) | D17: =TEXT(C17,"ddd") | H17: =IF(G17="","","～") | J17: =IFERROR(IF(G17="",0,I17-G17),"") -> 0 | K17: =IFERROR(IF(E17="",0,F17-E17-J17),"") -> 0 | L17: =IF(E17="",0,IF($A17=1,$K17,IF($C17="",0,IF($K17-$T$8<0,0,$K17-$T$8)))) -> 0 | V17: =IFERROR(IF(T17="",0,U17-T17-J17),"") -> 0 | W17: =IFERROR(FLOOR(K17,TIME(0,VLOOKUP($C$2,#REF!,22,0),0)),"") | X17: =IF(VLOOKUP($C$2,#REF!,24,0)="日当",IF(K17=0,"",IF(K17<T$8,VLOOKUP($C$2,#REF!,21,0)*VALUE(K17-T$8)*24+VLOOKUP($C$2,#REF!,19,0),VLOOKUP($C$2,#REF!,20,0)*VALUE(K17-T$8)*24+VLOOKUP($C$2,#REF!,19,0))),"") -> #REF!
A18: =IF(COUNTIFS(祝日参照用!A:A,C18)=1,1,IF(D18="土",1,IF(D18="日",1,0))) -> 0 | C18: =IF(C17="","",IF(DAY(C17+1)=1,"",C17+1)) | D18: =TEXT(C18,"ddd") | H18: =IF(G18="","","～") | J18: =IFERROR(IF(G18="",0,I18-G18),"") -> 0 | K18: =IFERROR(IF(E18="",0,F18-E18-J18),"") -> 0 | L18: =IF(E18="",0,IF($A18=1,$K18,IF($C18="",0,IF($K18-$T$8<0,0,$K18-$T$8)))) -> 0 | V18: =IFERROR(IF(T18="",0,U18-T18-J18),"") -> 0 | W18: =IFERROR(FLOOR(K18,TIME(0,VLOOKUP($C$2,#REF!,22,0),0)),"") | X18: =IF(VLOOKUP($C$2,#REF!,24,0)="日当",IF(K18=0,"",IF(K18<T$8,VLOOKUP($C$2,#REF!,21,0)*VALUE(K18-T$8)*24+VLOOKUP($C$2,#REF!,19,0),VLOOKUP($C$2,#REF!,20,0)*VALUE(K18-T$8)*24+VLOOKUP($C$2,#REF!,19,0))),"") -> #REF!
A19: =IF(COUNTIFS(祝日参照用!A:A,C19)=1,1,IF(D19="土",1,IF(D19="日",1,0))) -> 0 | C19: =IF(C18="","",IF(DAY(C18+1)=1,"",C18+1)) | D19: =TEXT(C19,"ddd") | H19: =IF(G19="","","～") | J19: =IFERROR(IF(G19="",0,I19-G19),"") -> 0 | K19: =IFERROR(IF(E19="",0,F19-E19-J19),"") -> 0 | L19: =IF(E19="",0,IF($A19=1,$K19,IF($C19="",0,IF($K19-$T$8<0,0,$K19-$T$8)))) -> 0 | V19: =IFERROR(IF(T19="",0,U19-T19-J19),"") -> 0 | W19: =IFERROR(FLOOR(K19,TIME(0,VLOOKUP($C$2,#REF!,22,0),0)),"") | X19: =IF(VLOOKUP($C$2,#REF!,24,0)="日当",IF(K19=0,"",IF(K19<T$8,VLOOKUP($C$2,#REF!,21,0)*VALUE(K19-T$8)*24+VLOOKUP($C$2,#REF!,19,0),VLOOKUP($C$2,#REF!,20,0)*VALUE(K19-T$8)*24+VLOOKUP($C$2,#REF!,19,0))),"") -> #REF!
A20: =IF(COUNTIFS(祝日参照用!A:A,C20)=1,1,IF(D20="土",1,IF(D20="日",1,0))) -> 0 | C20: =IF(C19="","",IF(DAY(C19+1)=1,"",C19+1)) | D20: =TEXT(C20,"ddd") | H20: =IF(G20="","","～") | J20: =IFERROR(IF(G20="",0,I20-G20),"") -> 0 | K20: =IFERROR(IF(E20="",0,F20-E20-J20),"") -> 0 | L20: =IF(E20="",0,IF($A20=1,$K20,IF($C20="",0,IF($K20-$T$8<0,0,$K20-$T$8)))) -> 0 | V20: =IFERROR(IF(T20="",0,U20-T20-J20),"") -> 0 | W20: =IFERROR(FLOOR(K20,TIME(0,VLOOKUP($C$2,#REF!,22,0),0)),"") | X20: =IF(VLOOKUP($C$2,#REF!,24,0)="日当",IF(K20=0,"",IF(K20<T$8,VLOOKUP($C$2,#REF!,21,0)*VALUE(K20-T$8)*24+VLOOKUP($C$2,#REF!,19,0),VLOOKUP($C$2,#REF!,20,0)*VALUE(K20-T$8)*24+VLOOKUP($C$2,#REF!,19,0))),"") -> #REF!
A21: =IF(COUNTIFS(祝日参照用!A:A,C21)=1,1,IF(D21="土",1,IF(D21="日",1,0))) -> 0 | C21: =IF(C20="","",IF(DAY(C20+1)=1,"",C20+1)) | D21: =TEXT(C21,"ddd") | H21: =IF(G21="","","～") | J21: =IFERROR(IF(G21="",0,I21-G21),"") -> 0 | K21: =IFERROR(IF(E21="",0,F21-E21-J21),"") -> 0 | L21: =IF(E21="",0,IF($A21=1,$K21,IF($C21="",0,IF($K21-$T$8<0,0,$K21-$T$8)))) -> 0 | V21: =IFERROR(IF(T21="",0,U21-T21-J21),"") -> 0 | W21: =IFERROR(FLOOR(K21,TIME(0,VLOOKUP($C$2,#REF!,22,0),0)),"") | X21: =IF(VLOOKUP($C$2,#REF!,24,0)="日当",IF(K21=0,"",IF(K21<T$8,VLOOKUP($C$2,#REF!,21,0)*VALUE(K21-T$8)*24+VLOOKUP($C$2,#REF!,19,0),VLOOKUP($C$2,#REF!,20,0)*VALUE(K21-T$8)*24+VLOOKUP($C$2,#REF!,19,0))),"") -> #REF!
A22: =IF(COUNTIFS(祝日参照用!A:A,C22)=1,1,IF(D22="土",1,IF(D22="日",1,0))) -> 0 | C22: =IF(C21="","",IF(DAY(C21+1)=1,"",C21+1)) | D22: =TEXT(C22,"ddd") | H22: =IF(G22="","","～") | J22: =IFERROR(IF(G22="",0,I22-G22),"") -> 0 | K22: =IFERROR(IF(E22="",0,F22-E22-J22),"") -> 0 | L22: =IF(E22="",0,IF($A22=1,$K22,IF($C22="",0,IF($K22-$T$8<0,0,$K22-$T$8)))) -> 0 | V22: =IFERROR(IF(T22="",0,U22-T22-J22),"") -> 0 | W22: =IFERROR(FLOOR(K22,TIME(0,VLOOKUP($C$2,#REF!,22,0),0)),"") | X22: =IF(VLOOKUP($C$2,#REF!,24,0)="日当",IF(K22=0,"",IF(K22<T$8,VLOOKUP($C$2,#REF!,21,0)*VALUE(K22-T$8)*24+VLOOKUP($C$2,#REF!,19,0),VLOOKUP($C$2,#REF!,20,0)*VALUE(K22-T$8)*24+VLOOKUP($C$2,#REF!,19,0))),"") -> #REF!
A23: =IF(COUNTIFS(祝日参照用!A:A,C23)=1,1,IF(D23="土",1,IF(D23="日",1,0))) -> 0 | C23: =IF(C22="","",IF(DAY(C22+1)=1,"",C22+1)) | D23: =TEXT(C23,"ddd") | H23: =IF(G23="","","～") | J23: =IFERROR(IF(G23="",0,I23-G23),"") -> 0 | K23: =IFERROR(IF(E23="",0,F23-E23-J23),"") -> 0 | L23: =IF(E23="",0,IF($A23=1,$K23,IF($C23="",0,IF($K23-$T$8<0,0,$K23-$T$8)))) -> 0 | V23: =IFERROR(IF(T23="",0,U23-T23-J23),"") -> 0 | W23: =IFERROR(FLOOR(K23,TIME(0,VLOOKUP($C$2,#REF!,22,0),0)),"") | X23: =IF(VLOOKUP($C$2,#REF!,24,0)="日当",IF(K23=0,"",IF(K23<T$8,VLOOKUP($C$2,#REF!,21,0)*VALUE(K23-T$8)*24+VLOOKUP($C$2,#REF!,19,0),VLOOKUP($C$2,#REF!,20,0)*VALUE(K23-T$8)*24+VLOOKUP($C$2,#REF!,19,0))),"") -> #REF!
A24: =IF(COUNTIFS(祝日参照用!A:A,C24)=1,1,IF(D24="土",1,IF(D24="日",1,0))) -> 0 | C24: =IF(C23="","",IF(DAY(C23+1)=1,"",C23+1)) | D24: =TEXT(C24,"ddd") | H24: =IF(G24="","","～") | J24: =IFERROR(IF(G24="",0,I24-G24),"") -> 0 | K24: =IFERROR(IF(E24="",0,F24-E24-J24),"") -> 0 | L24: =IF(E24="",0,IF($A24=1,$K24,IF($C24="",0,IF($K24-$T$8<0,0,$K24-$T$8)))) -> 0 | V24: =IFERROR(IF(T24="",0,U24-T24-J24),"") -> 0 | W24: =IFERROR(FLOOR(K24,TIME(0,VLOOKUP($C$2,#REF!,22,0),0)),"") | X24: =IF(VLOOKUP($C$2,#REF!,24,0)="日当",IF(K24=0,"",IF(K24<T$8,VLOOKUP($C$2,#REF!,21,0)*VALUE(K24-T$8)*24+VLOOKUP($C$2,#REF!,19,0),VLOOKUP($C$2,#REF!,20,0)*VALUE(K24-T$8)*24+VLOOKUP($C$2,#REF!,19,0))),"") -> #REF!
A25: =IF(COUNTIFS(祝日参照用!A:A,C25)=1,1,IF(D25="土",1,IF(D25="日",1,0))) -> 0 | C25: =IF(C24="","",IF(DAY(C24+1)=1,"",C24+1)) | D25: =TEXT(C25,"ddd") | H25: =IF(G25="","","～") | J25: =IFERROR(IF(G25="",0,I25-G25),"") -> 0 | K25: =IFERROR(IF(E25="",0,F25-E25-J25),"") -> 0 | L25: =IF(E25="",0,IF($A25=1,$K25,IF($C25="",0,IF($K25-$T$8<0,0,$K25-$T$8)))) -> 0 | V25: =IFERROR(IF(T25="",0,U25-T25-J25),"") -> 0 | W25: =IFERROR(FLOOR(K25,TIME(0,VLOOKUP($C$2,#REF!,22,0),0)),"") | X25: =IF(VLOOKUP($C$2,#REF!,24,0)="日当",IF(K25=0,"",IF(K25<T$8,VLOOKUP($C$2,#REF!,21,0)*VALUE(K25-T$8)*24+VLOOKUP($C$2,#REF!,19,0),VLOOKUP($C$2,#REF!,20,0)*VALUE(K25-T$8)*24+VLOOKUP($C$2,#REF!,19,0))),"") -> #REF!
A26: =IF(COUNTIFS(祝日参照用!A:A,C26)=1,1,IF(D26="土",1,IF(D26="日",1,0))) -> 0 | C26: =IF(C25="","",IF(DAY(C25+1)=1,"",C25+1)) | D26: =TEXT(C26,"ddd") | H26: =IF(G26="","","～") | J26: =IFERROR(IF(G26="",0,I26-G26),"") -> 0 | K26: =IFERROR(IF(E26="",0,F26-E26-J26),"") -> 0 | L26: =IF(E26="",0,IF($A26=1,$K26,IF($C26="",0,IF($K26-$T$8<0,0,$K26-$T$8)))) -> 0 | V26: =IFERROR(IF(T26="",0,U26-T26-J26),"") -> 0 | W26: =IFERROR(FLOOR(K26,TIME(0,VLOOKUP($C$2,#REF!,22,0),0)),"") | X26: =IF(VLOOKUP($C$2,#REF!,24,0)="日当",IF(K26=0,"",IF(K26<T$8,VLOOKUP($C$2,#REF!,21,0)*VALUE(K26-T$8)*24+VLOOKUP($C$2,#REF!,19,0),VLOOKUP($C$2,#REF!,20,0)*VALUE(K26-T$8)*24+VLOOKUP($C$2,#REF!,19,0))),"") -> #REF!
... A44: =IF(COUNTIFS(祝日参照用!A:A,C44)=1,1,IF(D44="土",1,IF(D44="日",1,0))) -> 0 | C44: =IF(C43="","",IF(DAY(C43+1)=1,"",C43+1)) | D44: =TEXT(C44,"ddd") | H44: =IF(G44="","","～") | J44: =IFERROR(IF(G44="",0,I44-G44),"") -> 0 | K44: =IFERROR(IF(E44="",0,F44-E44-J44),"") -> 0 | L44: =IF(E44="",0,IF($A44=1,$K44,IF($C44="",0,IF($K44-$T$8<0,0,$K44-$T$8)))) -> 0 | V44: =IFERROR(IF(T44="",0,U44-T44-J44),"") -> 0 | W44: =IFERROR(FLOOR(K44,TIME(0,VLOOKUP($C$2,#REF!,22,0),0)),"") | X44: =IF(VLOOKUP($C$2,#REF!,24,0)="日当",IF(K44=0,"",IF(K44<T$8,VLOOKUP($C$2,#REF!,21,0)*VALUE(K44-T$8)*24+VLOOKUP($C$2,#REF!,19,0),VLOOKUP($C$2,#REF!,20,0)*VALUE(K44-T$8)*24+VLOOKUP($C$2,#REF!,19,0))),"") -> #REF!
J45: =SUM(J14:J44) -> 0 | K45: =SUM(K14:K44) -> 0 | L45: =SUM(L14:L44) -> 0 | M45: =SUM(M14:M44) -> 0 | N45: =SUM(N14:N44) -> 0 | V45: =SUM(V14:V44) -> 0 | W45: =SUM(W14:W44) -> 0 | X45: =IF(Z5="日当",SUM(X14:X44),"")

Sheet 社員33
C1: SuccessHolders 勤務報告書 | M1: (西暦) | O1: =#REF! -> #REF! | Q1: 年 | R1: =#REF! -> #REF! | S1: 月分 | Y1: 勤怠サマリーへ
C2: 社員33 | Q2: 勤務日数： | S2: =COUNTA(E14:E44)&"日" -> 0日
C3: 派遣先企業名 | F3: =VLOOKUP($C$2,#REF!,4,0) -> #REF! | N3: 派遣先事業所名
C4: 派遣先住所
C5: 就業部署名 | N5: 連絡先
C6: 業務に伴う 責任の程度 | F6: (業務内容) | N6: 役職名 | R6: 部下 人数
C7: 実際の就業場所 | M7: 勤怠パターン | O7: 勤務時間 | R7: 休憩時間 | T7: 規定時間
O8: 0.39583333 | P8: ～ | Q8: 0.75 | R8: 0.041666667 | T8: =Q8-O8-R8 -> 0.3125
P9: ～ | T9: =Q9-O9-R9 -> 0
B10: 氏名 | C10: 氏名 | F10: =VLOOKUP($C$2,#REF!,3,0) -> #REF! | O10: フレックスタイム制
O11: 変形労働時間制
A13: 祝日判定 | B13: チェック | C13: 月 日 | D13: 曜 日 | E13: 出勤 時刻 | F13: 退勤 時刻 | G13: 休憩 時刻 | J13: 休憩 時間 | K13: 所定 時間 | L13: 法定外 残業 | M13: 深夜 時間 | N13: 不就労 | O13: 業務内容・作業進捗状況・その他 | T13: 出勤時刻(KOT) | U13: 退勤時刻 (KOT) | V13: 所定時間 (KOT) | W13: 所定時間 (調整) | X13: 日当計算
A14: =IF(COUNTIFS(祝日参照用!A:A,C14)=1,1,IF(D14="土",1,IF(D14="日",1,0))) -> 0 | C14: =IFERROR(DATE(O1,R1,1),"") | D14: =TEXT(C14,"ddd") | H14: =IF(G14="","","～") | J14: =IFERROR(IF(G14="",0,I14-G14),"") -> 0 | K14: =IFERROR(IF(E14="",0,F14-E14-J14),"") -> 0 | L14: =IF(E14="",0,IF($A14=1,$K14,IF($C14="",0,IF($K14-$T$8<0,0,$K14-$T$8)))) -> 0 | V14: =IFERROR(IF(T14="",0,U14-T14-J14),"") -> 0 | W14: =IFERROR(FLOOR(K14,TIME(0,VLOOKUP($C$2,#REF!,22,0),0)),"") | X14: =IF(VLOOKUP($C$2,#REF!,24,0)="日当",IF(K14=0,"",IF(K14<T$8,VLOOKUP($C$2,#REF!,21,0)*VALUE(K14-T$8)*24+VLOOKUP($C$2,#REF!,19,0),VLOOKUP($C$2,#REF!,20,0)*VALUE(K14-T$8)*24+VLOOKUP($C$2,#REF!,19,0))),"") -> #REF!
A15: =IF(COUNTIFS(祝日参照用!A:A,C15)=1,1,IF(D15="土",1,IF(D15="日",1,0))) -> 0 | C15: =IF(C14="","",IF(DAY(C14+1)=1,"",C14+1)) | D15: =TEXT(C15,"ddd") | H15: =IF(G15="","","～") | J15: =IFERROR(IF(G15="",0,I15-G15),"") -> 0 | K15: =IFERROR(IF(E15="",0,F15-E15-J15),"") -> 0 | L15: =IF(E15="",0,IF($A15=1,$K15,IF($C15="",0,IF($K15-$T$8<0,0,$K15-$T$8)))) -> 0 | V15: =IFERROR(IF(T15="",0,U15-T15-J15),"") -> 0 | W15: =IFERROR(FLOOR(K15,TIME(0,VLOOKUP($C$2,#REF!,22,0),0)),"") | X15: =IF(VLOOKUP($C$2,#REF!,24,0)="日当",IF(K15=0,"",IF(K15<T$8,VLOOKUP($C$2,#REF!,21,0)*VALUE(K15-T$8)*24+VLOOKUP($C$2,#REF!,19,0),VLOOKUP($C$2,#REF!,20,0)*VALUE(K15-T$8)*24+VLOOKUP($C$2,#REF!,19,0))),"") -> #REF!
A16: =IF(COUNTIFS(祝日参照用!A:A,C16)=1,1,IF(D16="土",1,IF(D16="日",1,0))) -> 0 | C16: =IF(C15="","",IF(DAY(C15+1)=1,"",C15+1)) | D16: =TEXT(C16,"ddd") | H16: =IF(G16="","","～") | J16: =IFERROR(IF(G16="",0,I16-G16),"") -> 0 | K16: =IFERROR(IF(E16="",0,F16-E16-J16),"") -> 0 | L16: =IF(E16="",0,IF($A16=1,$K16,IF($C16="",0,IF($K16-$T$8<0,0,$K16-$T$8)))) -> 0 | V16: =IFERROR(IF(T16="",0,U16-T16-J16),"") -> 0 | W16: =IFERROR(FLOOR(K16,TIME(0,VLOOKUP($C$2,#REF!,22,0),0)),"") | X16: =IF(VLOOKUP($C$2,#REF!,24,0)="日当",IF(K16=0,"",IF(K16<T$8,VLOOKUP($C$2,#REF!,21,0)*VALUE(K16-T$8)*24+VLOOKUP($C$2,#REF!,19,0),VLOOKUP($C$2,#REF!,20,0)*VALUE(K16-T$8)*24+VLOOKUP($C$2,#REF!,19,0))),"") -> #REF!
A17: =IF(COUNTIFS(祝日参照用!A:A,C17)=1,1,IF(D17="土",1,IF(D17="日",1,0))) -> 0 | C17: =IF(C16="","",IF(DAY(C16+1)=1,"",C16+1)) | D17: =TEXT(C17,"ddd") | H17: =IF(G17="","","～") | J17: =IFERROR(IF(G17="",0,I17-G17),"") -> 0 | K17: =IFERROR(IF(E17="",0,F17-E17-J17),"") -> 0 | L17: =IF(E17="",0,IF($A17=1,$K17,IF($C17="",0,IF($K17-$T$8<0,0,$K17-$T$8)))) -> 0 | V17: =IFERROR(IF(T17="",0,U17-T17-J17),"") -> 0 | W17: =IFERROR(FLOOR(K17,TIME(0,VLOOKUP($C$2,#REF!,22,0),0)),"") | X17: =IF(VLOOKUP($C$2,#REF!,24,0)="日当",IF(K17=0,"",IF(K17<T$8,VLOOKUP($C$2,#REF!,21,0)*VALUE(K17-T$8)*24+VLOOKUP($C$2,#REF!,19,0),VLOOKUP($C$2,#REF!,20,0)*VALUE(K17-T$8)*24+VLOOKUP($C$2,#REF!,19,0))),"") -> #REF!
A18: =IF(COUNTIFS(祝日参照用!A:A,C18)=1,1,IF(D18="土",1,IF(D18="日",1,0))) -> 0 | C18: =IF(C17="","",IF(DAY(C17+1)=1,"",C17+1)) | D18: =TEXT(C18,"ddd") | H18: =IF(G18="","","～") | J18: =IFERROR(IF(G18="",0,I18-G18),"") -> 0 | K18: =IFERROR(IF(E18="",0,F18-E18-J18),"") -> 0 | L18: =IF(E18="",0,IF($A18=1,$K18,IF($C18="",0,IF($K18-$T$8<0,0,$K18-$T$8)))) -> 0 | V18: =IFERROR(IF(T18="",0,U18-T18-J18),"") -> 0 | W18: =IFERROR(FLOOR(K18,TIME(0,VLOOKUP($C$2,#REF!,22,0),0)),"") | X18: =IF(VLOOKUP($C$2,#REF!,24,0)="日当",IF(K18=0,"",IF(K18<T$8,VLOOKUP($C$2,#REF!,21,0)*VALUE(K18-T$8)*24+VLOOKUP($C$2,#REF!,19,0),VLOOKUP($C$2,#REF!,20,0)*VALUE(K18-T$8)*24+VLOOKUP($C$2,#REF!,19,0))),"") -> #REF!
A19: =IF(COUNTIFS(祝日参照用!A:A,C19)=1,1,IF(D19="土",1,IF(D19="日",1,0))) -> 0 | C19: =IF(C18="","",IF(DAY(C18+1)=1,"",C18+1)) | D19: =TEXT(C19,"ddd") | H19: =IF(G19="","","～") | J19: =IFERROR(IF(G19="",0,I19-G19),"") -> 0 | K19: =IFERROR(IF(E19="",0,F19-E19-J19),"") -> 0 | L19: =IF(E19="",0,IF($A19=1,$K19,IF($C19="",0,IF($K19-$T$8<0,0,$K19-$T$8)))) -> 0 | V19: =IFERROR(IF(T19="",0,U19-T19-J19),"") -> 0 | W19: =IFERROR(FLOOR(K19,TIME(0,VLOOKUP($C$2,#REF!,22,0),0)),"") | X19: =IF(VLOOKUP($C$2,#REF!,24,0)="日当",IF(K19=0,"",IF(K19<T$8,VLOOKUP($C$2,#REF!,21,0)*VALUE(K19-T$8)*24+VLOOKUP($C$2,#REF!,19,0),VLOOKUP($C$2,#REF!,20,0)*VALUE(K19-T$8)*24+VLOOKUP($C$2,#REF!,19,0))),"") -> #REF!
A20: =IF(COUNTIFS(祝日参照用!A:A,C20)=1,1,IF(D20="土",1,IF(D20="日",1,0))) -> 0 | C20: =IF(C19="","",IF(DAY(C19+1)=1,"",C19+1)) | D20: =TEXT(C20,"ddd") | H20: =IF(G20="","","～") | J20: =IFERROR(IF(G20="",0,I20-G20),"") -> 0 | K20: =IFERROR(IF(E20="",0,F20-E20-J20),"") -> 0 | L20: =IF(E20="",0,IF($A20=1,$K20,IF($C20="",0,IF($K20-$T$8<0,0,$K20-$T$8)))) -> 0 | V20: =IFERROR(IF(T20="",0,U20-T20-J20),"") -> 0 | W20: =IFERROR(FLOOR(K20,TIME(0,VLOOKUP($C$2,#REF!,22,0),0)),"") | X20: =IF(VLOOKUP($C$2,#REF!,24,0)="日当",IF(K20=0,"",IF(K20<T$8,VLOOKUP($C$2,#REF!,21,0)*VALUE(K20-T$8)*24+VLOOKUP($C$2,#REF!,19,0),VLOOKUP($C$2,#REF!,20,0)*VALUE(K20-T$8)*24+VLOOKUP($C$2,#REF!,19,0))),"") -> #REF!
A21: =IF(COUNTIFS(祝日参照用!A:A,C21)=1,1,IF(D21="土",1,IF(D21="日",1,0))) -> 0 | C21: =IF(C20="","",IF(DAY(C20+1)=1,"",C20+1)) | D21: =TEXT(C21,"ddd") | H21: =IF(G21="","","～") | J21: =IFERROR(IF(G21="",0,I21-G21),"") -> 0 | K21: =IFERROR(IF(E21="",0,F21-E21-J21),"") -> 0 | L21: =IF(E21="",0,IF($A21=1,$K21,IF($C21="",0,IF($K21-$T$8<0,0,$K21-$T$8)))) -> 0 | V21: =IFERROR(IF(T21="",0,U21-T21-J21),"") -> 0 | W21: =IFERROR(FLOOR(K21,TIME(0,VLOOKUP($C$2,#REF!,22,0),0)),"") | X21: =IF(VLOOKUP($C$2,#REF!,24,0)="日当",IF(K21=0,"",IF(K21<T$8,VLOOKUP($C$2,#REF!,21,0)*VALUE(K21-T$8)*24+VLOOKUP($C$2,#REF!,19,0),VLOOKUP($C$2,#REF!,20,0)*VALUE(K21-T$8)*24+VLOOKUP($C$2,#REF!,19,0))),"") -> #REF!
A22: =IF(COUNTIFS(祝日参照用!A:A,C22)=1,1,IF(D22="土",1,IF(D22="日",1,0))) -> 0 | C22: =IF(C21="","",IF(DAY(C21+1)=1,"",C21+1)) | D22: =TEXT(C22,"ddd") | H22: =IF(G22="","","～") | J22: =IFERROR(IF(G22="",0,I22-G22),"") -> 0 | K22: =IFERROR(IF(E22="",0,F22-E22-J22),"") -> 0 | L22: =IF(E22="",0,IF($A22=1,$K22,IF($C22="",0,IF($K22-$T$8<0,0,$K22-$T$8)))) -> 0 | V22: =IFERROR(IF(T22="",0,U22-T22-J22),"") -> 0 | W22: =IFERROR(FLOOR(K22,TIME(0,VLOOKUP($C$2,#REF!,22,0),0)),"") | X22: =IF(VLOOKUP($C$2,#REF!,24,0)="日当",IF(K22=0,"",IF(K22<T$8,VLOOKUP($C$2,#REF!,21,0)*VALUE(K22-T$8)*24+VLOOKUP($C$2,#REF!,19,0),VLOOKUP($C$2,#REF!,20,0)*VALUE(K22-T$8)*24+VLOOKUP($C$2,#REF!,19,0))),"") -> #REF!
A23: =IF(COUNTIFS(祝日参照用!A:A,C23)=1,1,IF(D23="土",1,IF(D23="日",1,0))) -> 0 | C23: =IF(C22="","",IF(DAY(C22+1)=1,"",C22+1)) | D23: =TEXT(C23,"ddd") | H23: =IF(G23="","","～") | J23: =IFERROR(IF(G23="",0,I23-G23),"") -> 0 | K23: =IFERROR(IF(E23="",0,F23-E23-J23),"") -> 0 | L23: =IF(E23="",0,IF($A23=1,$K23,IF($C23="",0,IF($K23-$T$8<0,0,$K23-$T$8)))) -> 0 | V23: =IFERROR(IF(T23="",0,U23-T23-J23),"") -> 0 | W23: =IFERROR(FLOOR(K23,TIME(0,VLOOKUP($C$2,#REF!,22,0),0)),"") | X23: =IF(VLOOKUP($C$2,#REF!,24,0)="日当",IF(K23=0,"",IF(K23<T$8,VLOOKUP($C$2,#REF!,21,0)*VALUE(K23-T$8)*24+VLOOKUP($C$2,#REF!,19,0),VLOOKUP($C$2,#REF!,20,0)*VALUE(K23-T$8)*24+VLOOKUP($C$2,#REF!,19,0))),"") -> #REF!
A24: =IF(COUNTIFS(祝日参照用!A:A,C24)=1,1,IF(D24="土",1,IF(D24="日",1,0))) -> 0 | C24: =IF(C23="","",IF(DAY(C23+1)=1,"",C23+1)) | D24: =TEXT(C24,"ddd") | H24: =IF(G24="","","～") | J24: =IFERROR(IF(G24="",0,I24-G24),"") -> 0 | K24: =IFERROR(IF(E24="",0,F24-E24-J24),"") -> 0 | L24: =IF(E24="",0,IF($A24=1,$K24,IF($C24="",0,IF($K24-$T$8<0,0,$K24-$T$8)))) -> 0 | V24: =IFERROR(IF(T24="",0,U24-T24-J24),"") -> 0 | W24: =IFERROR(FLOOR(K24,TIME(0,VLOOKUP($C$2,#REF!,22,0),0)),"") | X24: =IF(VLOOKUP($C$2,#REF!,24,0)="日当",IF(K24=0,"",IF(K24<T$8,VLOOKUP($C$2,#REF!,21,0)*VALUE(K24-T$8)*24+VLOOKUP($C$2,#REF!,19,0),VLOOKUP($C$2,#REF!,20,0)*VALUE(K24-T$8)*24+VLOOKUP($C$2,#REF!,19,0))),"") -> #REF!
A25: =IF(COUNTIFS(祝日参照用!A:A,C25)=1,1,IF(D25="土",1,IF(D25="日",1,0))) -> 0 | C25: =IF(C24="","",IF(DAY(C24+1)=1,"",C24+1)) | D25: =TEXT(C25,"ddd") | H25: =IF(G25="","","～") | J25: =IFERROR(IF(G25="",0,I25-G25),"") -> 0 | K25: =IFERROR(IF(E25="",0,F25-E25-J25),"") -> 0 | L25: =IF(E25="",0,IF($A25=1,$K25,IF($C25="",0,IF($K25-$T$8<0,0,$K25-$T$8)))) -> 0 | V25: =IFERROR(IF(T25="",0,U25-T25-J25),"") -> 0 | W25: =IFERROR(FLOOR(K25,TIME(0,VLOOKUP($C$2,#REF!,22,0),0)),"") | X25: =IF(VLOOKUP($C$2,#REF!,24,0)="日当",IF(K25=0,"",IF(K25<T$8,VLOOKUP($C$2,#REF!,21,0)*VALUE(K25-T$8)*24+VLOOKUP($C$2,#REF!,19,0),VLOOKUP($C$2,#REF!,20,0)*VALUE(K25-T$8)*24+VLOOKUP($C$2,#REF!,19,0))),"") -> #REF!
A26: =IF(COUNTIFS(祝日参照用!A:A,C26)=1,1,IF(D26="土",1,IF(D26="日",1,0))) -> 0 | C26: =IF(C25="","",IF(DAY(C25+1)=1,"",C25+1)) | D26: =TEXT(C26,"ddd") | H26: =IF(G26="","","～") | J26: =IFERROR(IF(G26="",0,I26-G26),"") -> 0 | K26: =IFERROR(IF(E26="",0,F26-E26-J26),"") -> 0 | L26: =IF(E26="",0,IF($A26=1,$K26,IF($C26="",0,IF($K26-$T$8<0,0,$K26-$T$8)))) -> 0 | V26: =IFERROR(IF(T26="",0,U26-T26-J26),"") -> 0 | W26: =IFERROR(FLOOR(K26,TIME(0,VLOOKUP($C$2,#REF!,22,0),0)),"") | X26: =IF(VLOOKUP($C$2,#REF!,24,0)="日当",IF(K26=0,"",IF(K26<T$8,VLOOKUP($C$2,#REF!,21,0)*VALUE(K26-T$8)*24+VLOOKUP($C$2,#REF!,19,0),VLOOKUP($C$2,#REF!,20,0)*VALUE(K26-T$8)*24+VLOOKUP($C$2,#REF!,19,0))),"") -> #REF!
... A44: =IF(COUNTIFS(祝日参照用!A:A,C44)=1,1,IF(D44="土",1,IF(D44="日",1,0))) -> 0 | C44: =IF(C43="","",IF(DAY(C43+1)=1,"",C43+1)) | D44: =TEXT(C44,"ddd") | H44: =IF(G44="","","～") | J44: =IFERROR(IF(G44="",0,I44-G44),"") -> 0 | K44: =IFERROR(IF(E44="",0,F44-E44-J44),"") -> 0 | L44: =IF(E44="",0,IF($A44=1,$K44,IF($C44="",0,IF($K44-$T$8<0,0,$K44-$T$8)))) -> 0 | V44: =IFERROR(IF(T44="",0,U44-T44-J44),"") -> 0 | W44: =IFERROR(FLOOR(K44,TIME(0,VLOOKUP($C$2,#REF!,22,0),0)),"") | X44: =IF(VLOOKUP($C$2,#REF!,24,0)="日当",IF(K44=0,"",IF(K44<T$8,VLOOKUP($C$2,#REF!,21,0)*VALUE(K44-T$8)*24+VLOOKUP($C$2,#REF!,19,0),VLOOKUP($C$2,#REF!,20,0)*VALUE(K44-T$8)*24+VLOOKUP($C$2,#REF!,19,0))),"") -> #REF!
J45: =SUM(J14:J44) -> 0 | K45: =SUM(K14:K44) -> 0 | L45: =SUM(L14:L44) -> 0 | M45: =SUM(M14:M44) -> 0 | N45: =SUM(N14:N44) -> 0 | V45: =SUM(V14:V44) -> 0 | W45: =SUM(W14:W44) -> 0 | X45: =IF(Z5="日当",SUM(X14:X44),"")

Sheet 社員39
C1: SuccessHolders 勤務報告書 | M1: (西暦) | O1: =#REF! -> #REF! | Q1: 年 | R1: =#REF! -> #REF! | S1: 月分 | Y1: 勤怠サマリーへ
C2: 社員39 | Q2: 勤務日数： | S2: =COUNTA(E14:E44)&"日" -> 0日
C3: 派遣先企業名 | F3: =VLOOKUP($C$2,#REF!,4,0) -> #REF! | N3: 派遣先事業所名
C4: 派遣先住所
C5: 就業部署名 | N5: 連絡先
C6: 業務に伴う 責任の程度 | F6: (業務内容) | N6: 役職名 | R6: 部下 人数
C7: 実際の就業場所 | M7: 勤怠パターン | O7: 勤務時間 | R7: 休憩時間 | T7: 規定時間
P8: ～ | T8: =Q8-O8-R8 -> 0
P9: ～ | T9: =Q9-O9-R9 -> 0
B10: 氏名 | C10: 氏名 | F10: =VLOOKUP($C$2,#REF!,3,0) -> #REF! | O10: フレックスタイム制
O11: 変形労働時間制
A13: 祝日判定 | B13: チェック | C13: 月 日 | D13: 曜 日 | E13: 出勤 時刻 | F13: 退勤 時刻 | G13: 休憩 時刻 | J13: 休憩 時間 | K13: 所定 時間 | L13: 法定外 残業 | M13: 深夜 時間 | N13: 不就労 | O13: 業務内容・作業進捗状況・その他 | T13: 出勤時刻(KOT) | U13: 退勤時刻 (KOT) | V13: 所定時間 (KOT) | W13: 所定時間 (調整) | X13: 日当計算
A14: =IF(COUNTIFS(祝日参照用!A:A,C14)=1,1,IF(D14="土",1,IF(D14="日",1,0))) -> 0 | C14: =IFERROR(DATE(O1,R1,1),"") | D14: =TEXT(C14,"ddd") | H14: =IF(G14="","","～") | J14: =IFERROR(IF(G14="",0,I14-G14),"") -> 0 | K14: =IFERROR(IF(E14="",0,F14-E14-J14),"") -> 0 | L14: =IF(E14="",0,IF($A14=1,$K14,IF($C14="",0,IF($K14-$T$8<0,0,$K14-$T$8)))) -> 0 | V14: =IFERROR(IF(T14="",0,U14-T14-J14),"") -> 0 | W14: =IFERROR(FLOOR(K14,TIME(0,VLOOKUP($C$2,#REF!,22,0),0)),"") | X14: =IF(VLOOKUP($C$2,#REF!,24,0)="日当",IF(K14=0,"",IF(K14<T$8,VLOOKUP($C$2,#REF!,21,0)*VALUE(K14-T$8)*24+VLOOKUP($C$2,#REF!,19,0),VLOOKUP($C$2,#REF!,20,0)*VALUE(K14-T$8)*24+VLOOKUP($C$2,#REF!,19,0))),"") -> #REF!
A15: =IF(COUNTIFS(祝日参照用!A:A,C15)=1,1,IF(D15="土",1,IF(D15="日",1,0))) -> 0 | C15: =IF(C14="","",IF(DAY(C14+1)=1,"",C14+1)) | D15: =TEXT(C15,"ddd") | H15: =IF(G15="","","～") | J15: =IFERROR(IF(G15="",0,I15-G15),"") -> 0 | K15: =IFERROR(IF(E15="",0,F15-E15-J15),"") -> 0 | L15: =IF(E15="",0,IF($A15=1,$K15,IF($C15="",0,IF($K15-$T$8<0,0,$K15-$T$8)))) -> 0 | V15: =IFERROR(IF(T15="",0,U15-T15-J15),"") -> 0 | W15: =IFERROR(FLOOR(K15,TIME(0,VLOOKUP($C$2,#REF!,22,0),0)),"") | X15: =IF(VLOOKUP($C$2,#REF!,24,0)="日当",IF(K15=0,"",IF(K15<T$8,VLOOKUP($C$2,#REF!,21,0)*VALUE(K15-T$8)*24+VLOOKUP($C$2,#REF!,19,0),VLOOKUP($C$2,#REF!,20,0)*VALUE(K15-T$8)*24+VLOOKUP($C$2,#REF!,19,0))),"") -> #REF!
A16: =IF(COUNTIFS(祝日参照用!A:A,C16)=1,1,IF(D16="土",1,IF(D16="日",1,0))) -> 0 | C16: =IF(C15="","",IF(DAY(C15+1)=1,"",C15+1)) | D16: =TEXT(C16,"ddd") | H16: =IF(G16="","","～") | J16: =IFERROR(IF(G16="",0,I16-G16),"") -> 0 | K16: =IFERROR(IF(E16="",0,F16-E16-J16),"") -> 0 | L16: =IF(E16="",0,IF($A16=1,$K16,IF($C16="",0,IF($K16-$T$8<0,0,$K16-$T$8)))) -> 0 | V16: =IFERROR(IF(T16="",0,U16-T16-J16),"") -> 0 | W16: =IFERROR(FLOOR(K16,TIME(0,VLOOKUP($C$2,#REF!,22,0),0)),"") | X16: =IF(VLOOKUP($C$2,#REF!,24,0)="日当",IF(K16=0,"",IF(K16<T$8,VLOOKUP($C$2,#REF!,21,0)*VALUE(K16-T$8)*24+VLOOKUP($C$2,#REF!,19,0),VLOOKUP($C$2,#REF!,20,0)*VALUE(K16-T$8)*24+VLOOKUP($C$2,#REF!,19,0))),"") -> #REF!
A17: =IF(COUNTIFS(祝日参照用!A:A,C17)=1,1,IF(D17="土",1,IF(D17="日",1,0))) -> 0 | C17: =IF(C16="","",IF(DAY(C16+1)=1,"",C16+1)) | D17: =TEXT(C17,"ddd") | H17: =IF(G17="","","～") | J17: =IFERROR(IF(G17="",0,I17-G17),"") -> 0 | K17: =IFERROR(IF(E17="",0,F17-E17-J17),"") -> 0 | L17: =IF(E17="",0,IF($A17=1,$K17,IF($C17="",0,IF($K17-$T$8<0,0,$K17-$T$8)))) -> 0 | V17: =IFERROR(IF(T17="",0,U17-T17-J17),"") -> 0 | W17: =IFERROR(FLOOR(K17,TIME(0,VLOOKUP($C$2,#REF!,22,0),0)),"") | X17: =IF(VLOOKUP($C$2,#REF!,24,0)="日当",IF(K17=0,"",IF(K17<T$8,VLOOKUP($C$2,#REF!,21,0)*VALUE(K17-T$8)*24+VLOOKUP($C$2,#REF!,19,0),VLOOKUP($C$2,#REF!,20,0)*VALUE(K17-T$8)*24+VLOOKUP($C$2,#REF!,19,0))),"") -> #REF!
A18: =IF(COUNTIFS(祝日参照用!A:A,C18)=1,1,IF(D18="土",1,IF(D18="日",1,0))) -> 0 | C18: =IF(C17="","",IF(DAY(C17+1)=1,"",C17+1)) | D18: =TEXT(C18,"ddd") | H18: =IF(G18="","","～") | J18: =IFERROR(IF(G18="",0,I18-G18),"") -> 0 | K18: =IFERROR(IF(E18="",0,F18-E18-J18),"") -> 0 | L18: =IF(E18="",0,IF($A18=1,$K18,IF($C18="",0,IF($K18-$T$8<0,0,$K18-$T$8)))) -> 0 | V18: =IFERROR(IF(T18="",0,U18-T18-J18),"") -> 0 | W18: =IFERROR(FLOOR(K18,TIME(0,VLOOKUP($C$2,#REF!,22,0),0)),"") | X18: =IF(VLOOKUP($C$2,#REF!,24,0)="日当",IF(K18=0,"",IF(K18<T$8,VLOOKUP($C$2,#REF!,21,0)*VALUE(K18-T$8)*24+VLOOKUP($C$2,#REF!,19,0),VLOOKUP($C$2,#REF!,20,0)*VALUE(K18-T$8)*24+VLOOKUP($C$2,#REF!,19,0))),"") -> #REF!
A19: =IF(COUNTIFS(祝日参照用!A:A,C19)=1,1,IF(D19="土",1,IF(D19="日",1,0))) -> 0 | C19: =IF(C18="","",IF(DAY(C18+1)=1,"",C18+1)) | D19: =TEXT(C19,"ddd") | H19: =IF(G19="","","～") | J19: =IFERROR(IF(G19="",0,I19-G19),"") -> 0 | K19: =IFERROR(IF(E19="",0,F19-E19-J19),"") -> 0 | L19: =IF(E19="",0,IF($A19=1,$K19,IF($C19="",0,IF($K19-$T$8<0,0,$K19-$T$8)))) -> 0 | V19: =IFERROR(IF(T19="",0,U19-T19-J19),"") -> 0 | W19: =IFERROR(FLOOR(K19,TIME(0,VLOOKUP($C$2,#REF!,22,0),0)),"") | X19: =IF(VLOOKUP($C$2,#REF!,24,0)="日当",IF(K19=0,"",IF(K19<T$8,VLOOKUP($C$2,#REF!,21,0)*VALUE(K19-T$8)*24+VLOOKUP($C$2,#REF!,19,0),VLOOKUP($C$2,#REF!,20,0)*VALUE(K19-T$8)*24+VLOOKUP($C$2,#REF!,19,0))),"") -> #REF!
A20: =IF(COUNTIFS(祝日参照用!A:A,C20)=1,1,IF(D20="土",1,IF(D20="日",1,0))) -> 0 | C20: =IF(C19="","",IF(DAY(C19+1)=1,"",C19+1)) | D20: =TEXT(C20,"ddd") | H20: =IF(G20="","","～") | J20: =IFERROR(IF(G20="",0,I20-G20),"") -> 0 | K20: =IFERROR(IF(E20="",0,F20-E20-J20),"") -> 0 | L20: =IF(E20="",0,IF($A20=1,$K20,IF($C20="",0,IF($K20-$T$8<0,0,$K20-$T$8)))) -> 0 | V20: =IFERROR(IF(T20="",0,U20-T20-J20),"") -> 0 | W20: =IFERROR(FLOOR(K20,TIME(0,VLOOKUP($C$2,#REF!,22,0),0)),"") | X20: =IF(VLOOKUP($C$2,#REF!,24,0)="日当",IF(K20=0,"",IF(K20<T$8,VLOOKUP($C$2,#REF!,21,0)*VALUE(K20-T$8)*24+VLOOKUP($C$2,#REF!,19,0),VLOOKUP($C$2,#REF!,20,0)*VALUE(K20-T$8)*24+VLOOKUP($C$2,#REF!,19,0))),"") -> #REF!
A21: =IF(COUNTIFS(祝日参照用!A:A,C21)=1,1,IF(D21="土",1,IF(D21="日",1,0))) -> 0 | C21: =IF(C20="","",IF(DAY(C20+1)=1,"",C20+1)) | D21: =TEXT(C21,"ddd") | H21: =IF(G21="","","～") | J21: =IFERROR(IF(G21="",0,I21-G21),"") -> 0 | K21: =IFERROR(IF(E21="",0,F21-E21-J21),"") -> 0 | L21: =IF(E21="",0,IF($A21=1,$K21,IF($C21="",0,IF($K21-$T$8<0,0,$K21-$T$8)))) -> 0 | V21: =IFERROR(IF(T21="",0,U21-T21-J21),"") -> 0 | W21: =IFERROR(FLOOR(K21,TIME(0,VLOOKUP($C$2,#REF!,22,0),0)),"") | X21: =IF(VLOOKUP($C$2,#REF!,24,0)="日当",IF(K21=0,"",IF(K21<T$8,VLOOKUP($C$2,#REF!,21,0)*VALUE(K21-T$8)*24+VLOOKUP($C$2,#REF!,19,0),VLOOKUP($C$2,#REF!,20,0)*VALUE(K21-T$8)*24+VLOOKUP($C$2,#REF!,19,0))),"") -> #REF!
A22: =IF(COUNTIFS(祝日参照用!A:A,C22)=1,1,IF(D22="土",1,IF(D22="日",1,0))) -> 0 | C22: =IF(C21="","",IF(DAY(C21+1)=1,"",C21+1)) | D22: =TEXT(C22,"ddd") | H22: =IF(G22="","","～") | J22: =IFERROR(IF(G22="",0,I22-G22),"") -> 0 | K22: =IFERROR(IF(E22="",0,F22-E22-J22),"") -> 0 | L22: =IF(E22="",0,IF($A22=1,$K22,IF($C22="",0,IF($K22-$T$8<0,0,$K22-$T$8)))) -> 0 | V22: =IFERROR(IF(T22="",0,U22-T22-J22),"") -> 0 | W22: =IFERROR(FLOOR(K22,TIME(0,VLOOKUP($C$2,#REF!,22,0),0)),"") | X22: =IF(VLOOKUP($C$2,#REF!,24,0)="日当",IF(K22=0,"",IF(K22<T$8,VLOOKUP($C$2,#REF!,21,0)*VALUE(K22-T$8)*24+VLOOKUP($C$2,#REF!,19,0),VLOOKUP($C$2,#REF!,20,0)*VALUE(K22-T$8)*24+VLOOKUP($C$2,#REF!,19,0))),"") -> #REF!
A23: =IF(COUNTIFS(祝日参照用!A:A,C23)=1,1,IF(D23="土",1,IF(D23="日",1,0))) -> 0 | C23: =IF(C22="","",IF(DAY(C22+1)=1,"",C22+1)) | D23: =TEXT(C23,"ddd") | H23: =IF(G23="","","～") | J23: =IFERROR(IF(G23="",0,I23-G23),"") -> 0 | K23: =IFERROR(IF(E23="",0,F23-E23-J23),"") -> 0 | L23: =IF(E23="",0,IF($A23=1,$K23,IF($C23="",0,IF($K23-$T$8<0,0,$K23-$T$8)))) -> 0 | V23: =IFERROR(IF(T23="",0,U23-T23-J23),"") -> 0 | W23: =IFERROR(FLOOR(K23,TIME(0,VLOOKUP($C$2,#REF!,22,0),0)),"") | X23: =IF(VLOOKUP($C$2,#REF!,24,0)="日当",IF(K23=0,"",IF(K23<T$8,VLOOKUP($C$2,#REF!,21,0)*VALUE(K23-T$8)*24+VLOOKUP($C$2,#REF!,19,0),VLOOKUP($C$2,#REF!,20,0)*VALUE(K23-T$8)*24+VLOOKUP($C$2,#REF!,19,0))),"") -> #REF!
A24: =IF(COUNTIFS(祝日参照用!A:A,C24)=1,1,IF(D24="土",1,IF(D24="日",1,0))) -> 0 | C24: =IF(C23="","",IF(DAY(C23+1)=1,"",C23+1)) | D24: =TEXT(C24,"ddd") | H24: =IF(G24="","","～") | J24: =IFERROR(IF(G24="",0,I24-G24),"") -> 0 | K24: =IFERROR(IF(E24="",0,F24-E24-J24),"") -> 0 | L24: =IF(E24="",0,IF($A24=1,$K24,IF($C24="",0,IF($K24-$T$8<0,0,$K24-$T$8)))) -> 0 | V24: =IFERROR(IF(T24="",0,U24-T24-J24),"") -> 0 | W24: =IFERROR(FLOOR(K24,TIME(0,VLOOKUP($C$2,#REF!,22,0),0)),"") | X24: =IF(VLOOKUP($C$2,#REF!,24,0)="日当",IF(K24=0,"",IF(K24<T$8,VLOOKUP($C$2,#REF!,21,0)*VALUE(K24-T$8)*24+VLOOKUP($C$2,#REF!,19,0),VLOOKUP($C$2,#REF!,20,0)*VALUE(K24-T$8)*24+VLOOKUP($C$2,#REF!,19,0))),"") -> #REF!
A25: =IF(COUNTIFS(祝日参照用!A:A,C25)=1,1,IF(D25="土",1,IF(D25="日",1,0))) -> 0 | C25: =IF(C24="","",IF(DAY(C24+1)=1,"",C24+1)) | D25: =TEXT(C25,"ddd") | H25: =IF(G25="","","～") | J25: =IFERROR(IF(G25="",0,I25-G25),"") -> 0 | K25: =IFERROR(IF(E25="",0,F25-E25-J25),"") -> 0 | L25: =IF(E25="",0,IF($A25=1,$K25,IF($C25="",0,IF($K25-$T$8<0,0,$K25-$T$8)))) -> 0 | V25: =IFERROR(IF(T25="",0,U25-T25-J25),"") -> 0 | W25: =IFERROR(FLOOR(K25,TIME(0,VLOOKUP($C$2,#REF!,22,0),0)),"") | X25: =IF(VLOOKUP($C$2,#REF!,24,0)="日当",IF(K25=0,"",IF(K25<T$8,VLOOKUP($C$2,#REF!,21,0)*VALUE(K25-T$8)*24+VLOOKUP($C$2,#REF!,19,0),VLOOKUP($C$2,#REF!,20,0)*VALUE(K25-T$8)*24+VLOOKUP($C$2,#REF!,19,0))),"") -> #REF!
A26: =IF(COUNTIFS(祝日参照用!A:A,C26)=1,1,IF(D26="土",1,IF(D26="日",1,0))) -> 0 | C26: =IF(C25="","",IF(DAY(C25+1)=1,"",C25+1)) | D26: =TEXT(C26,"ddd") | H26: =IF(G26="","","～") | J26: =IFERROR(IF(G26="",0,I26-G26),"") -> 0 | K26: =IFERROR(IF(E26="",0,F26-E26-J26),"") -> 0 | L26: =IF(E26="",0,IF($A26=1,$K26,IF($C26="",0,IF($K26-$T$8<0,0,$K26-$T$8)))) -> 0 | V26: =IFERROR(IF(T26="",0,U26-T26-J26),"") -> 0 | W26: =IFERROR(FLOOR(K26,TIME(0,VLOOKUP($C$2,#REF!,22,0),0)),"") | X26: =IF(VLOOKUP($C$2,#REF!,24,0)="日当",IF(K26=0,"",IF(K26<T$8,VLOOKUP($C$2,#REF!,21,0)*VALUE(K26-T$8)*24+VLOOKUP($C$2,#REF!,19,0),VLOOKUP($C$2,#REF!,20,0)*VALUE(K26-T$8)*24+VLOOKUP($C$2,#REF!,19,0))),"") -> #REF!
... A44: =IF(COUNTIFS(祝日参照用!A:A,C44)=1,1,IF(D44="土",1,IF(D44="日",1,0))) -> 0 | C44: =IF(C43="","",IF(DAY(C43+1)=1,"",C43+1)) | D44: =TEXT(C44,"ddd") | H44: =IF(G44="","","～") | J44: =IFERROR(IF(G44="",0,I44-G44),"") -> 0 | K44: =IFERROR(IF(E44="",0,F44-E44-J44),"") -> 0 | L44: =IF(E44="",0,IF($A44=1,$K44,IF($C44="",0,IF($K44-$T$8<0,0,$K44-$T$8)))) -> 0 | V44: =IFERROR(IF(T44="",0,U44-T44-J44),"") -> 0 | W44: =IFERROR(FLOOR(K44,TIME(0,VLOOKUP($C$2,#REF!,22,0),0)),"") | X44: =IF(VLOOKUP($C$2,#REF!,24,0)="日当",IF(K44=0,"",IF(K44<T$8,VLOOKUP($C$2,#REF!,21,0)*VALUE(K44-T$8)*24+VLOOKUP($C$2,#REF!,19,0),VLOOKUP($C$2,#REF!,20,0)*VALUE(K44-T$8)*24+VLOOKUP($C$2,#REF!,19,0))),"") -> #REF!
J45: =SUM(J14:J44) -> 0 | K45: =SUM(K14:K44) -> 0 | L45: =SUM(L14:L44) -> 0 | M45: =SUM(M14:M44) -> 0 | N45: =SUM(N14:N44) -> 0 | V45: =SUM(V14:V44) -> 0 | W45: =SUM(W14:W44) -> 0 | X45: =IF(Z5="日当",SUM(X14:X44),"")

Sheet 社員40
C1: SuccessHolders 勤務報告書 | M1: (西暦) | O1: =#REF! -> #REF! | Q1: 年 | R1: =#REF! -> #REF! | S1: 月分 | Y1: 勤怠サマリーへ
C2: 社員40 | Q2: 勤務日数： | S2: =COUNTA(E14:E44)&"日" -> 0日
C3: 派遣先企業名 | F3: =VLOOKUP($C$2,#REF!,4,0) -> #REF! | N3: 派遣先事業所名
C4: 派遣先住所
C5: 就業部署名 | N5: 連絡先
C6: 業務に伴う 責任の程度 | F6: (業務内容) | N6: 役職名 | R6: 部下 人数
C7: 実際の就業場所 | M7: 勤怠パターン | O7: 勤務時間 | R7: 休憩時間 | T7: 規定時間
P8: ～ | T8: =Q8-O8-R8 -> 0
P9: ～ | T9: =Q9-O9-R9 -> 0
B10: 氏名 | C10: 氏名 | F10: =VLOOKUP($C$2,#REF!,3,0) -> #REF! | O10: フレックスタイム制
O11: 変形労働時間制
A13: 祝日判定 | B13: チェック | C13: 月 日 | D13: 曜 日 | E13: 出勤 時刻 | F13: 退勤 時刻 | G13: 休憩 時刻 | J13: 休憩 時間 | K13: 所定 時間 | L13: 法定外 残業 | M13: 深夜 時間 | N13: 不就労 | O13: 業務内容・作業進捗状況・その他 | T13: 出勤時刻(KOT) | U13: 退勤時刻 (KOT) | V13: 所定時間 (KOT) | W13: 所定時間 (調整) | X13: 日当計算
A14: =IF(COUNTIFS(祝日参照用!A:A,C14)=1,1,IF(D14="土",1,IF(D14="日",1,0))) -> 0 | C14: =IFERROR(DATE(O1,R1,1),"") | D14: =TEXT(C14,"ddd") | H14: =IF(G14="","","～") | J14: =IFERROR(IF(G14="",0,I14-G14),"") -> 0 | K14: =IFERROR(IF(E14="",0,F14-E14-J14),"") -> 0 | L14: =IF(E14="",0,IF($A14=1,$K14,IF($C14="",0,IF($K14-$T$8<0,0,$K14-$T$8)))) -> 0 | V14: =IFERROR(IF(T14="",0,U14-T14-J14),"") -> 0 | W14: =IFERROR(FLOOR(K14,TIME(0,VLOOKUP($C$2,#REF!,22,0),0)),"") | X14: =IF(VLOOKUP($C$2,#REF!,24,0)="日当",IF(K14=0,"",IF(K14<T$8,VLOOKUP($C$2,#REF!,21,0)*VALUE(K14-T$8)*24+VLOOKUP($C$2,#REF!,19,0),VLOOKUP($C$2,#REF!,20,0)*VALUE(K14-T$8)*24+VLOOKUP($C$2,#REF!,19,0))),"") -> #REF!
A15: =IF(COUNTIFS(祝日参照用!A:A,C15)=1,1,IF(D15="土",1,IF(D15="日",1,0))) -> 0 | C15: =IF(C14="","",IF(DAY(C14+1)=1,"",C14+1)) | D15: =TEXT(C15,"ddd") | H15: =IF(G15="","","～") | J15: =IFERROR(IF(G15="",0,I15-G15),"") -> 0 | K15: =IFERROR(IF(E15="",0,F15-E15-J15),"") -> 0 | L15: =IF(E15="",0,IF($A15=1,$K15,IF($C15="",0,IF($K15-$T$8<0,0,$K15-$T$8)))) -> 0 | V15: =IFERROR(IF(T15="",0,U15-T15-J15),"") -> 0 | W15: =IFERROR(FLOOR(K15,TIME(0,VLOOKUP($C$2,#REF!,22,0),0)),"") | X15: =IF(VLOOKUP($C$2,#REF!,24,0)="日当",IF(K15=0,"",IF(K15<T$8,VLOOKUP($C$2,#REF!,21,0)*VALUE(K15-T$8)*24+VLOOKUP($C$2,#REF!,19,0),VLOOKUP($C$2,#REF!,20,0)*VALUE(K15-T$8)*24+VLOOKUP($C$2,#REF!,19,0))),"") -> #REF!
A16: =IF(COUNTIFS(祝日参照用!A:A,C16)=1,1,IF(D16="土",1,IF(D16="日",1,0))) -> 0 | C16: =IF(C15="","",IF(DAY(C15+1)=1,"",C15+1)) | D16: =TEXT(C16,"ddd") | H16: =IF(G16="","","～") | J16: =IFERROR(IF(G16="",0,I16-G16),"") -> 0 | K16: =IFERROR(IF(E16="",0,F16-E16-J16),"") -> 0 | L16: =IF(E16="",0,IF($A16=1,$K16,IF($C16="",0,IF($K16-$T$8<0,0,$K16-$T$8)))) -> 0 | V16: =IFERROR(IF(T16="",0,U16-T16-J16),"") -> 0 | W16: =IFERROR(FLOOR(K16,TIME(0,VLOOKUP($C$2,#REF!,22,0),0)),"") | X16: =IF(VLOOKUP($C$2,#REF!,24,0)="日当",IF(K16=0,"",IF(K16<T$8,VLOOKUP($C$2,#REF!,21,0)*VALUE(K16-T$8)*24+VLOOKUP($C$2,#REF!,19,0),VLOOKUP($C$2,#REF!,20,0)*VALUE(K16-T$8)*24+VLOOKUP($C$2,#REF!,19,0))),"") -> #REF!
A17: =IF(COUNTIFS(祝日参照用!A:A,C17)=1,1,IF(D17="土",1,IF(D17="日",1,0))) -> 0 | C17: =IF(C16="","",IF(DAY(C16+1)=1,"",C16+1)) | D17: =TEXT(C17,"ddd") | H17: =IF(G17="","","～") | J17: =IFERROR(IF(G17="",0,I17-G17),"") -> 0 | K17: =IFERROR(IF(E17="",0,F17-E17-J17),"") -> 0 | L17: =IF(E17="",0,IF($A17=1,$K17,IF($C17="",0,IF($K17-$T$8<0,0,$K17-$T$8)))) -> 0 | V17: =IFERROR(IF(T17="",0,U17-T17-J17),"") -> 0 | W17: =IFERROR(FLOOR(K17,TIME(0,VLOOKUP($C$2,#REF!,22,0),0)),"") | X17: =IF(VLOOKUP($C$2,#REF!,24,0)="日当",IF(K17=0,"",IF(K17<T$8,VLOOKUP($C$2,#REF!,21,0)*VALUE(K17-T$8)*24+VLOOKUP($C$2,#REF!,19,0),VLOOKUP($C$2,#REF!,20,0)*VALUE(K17-T$8)*24+VLOOKUP($C$2,#REF!,19,0))),"") -> #REF!
A18: =IF(COUNTIFS(祝日参照用!A:A,C18)=1,1,IF(D18="土",1,IF(D18="日",1,0))) -> 0 | C18: =IF(C17="","",IF(DAY(C17+1)=1,"",C17+1)) | D18: =TEXT(C18,"ddd") | H18: =IF(G18="","","～") | J18: =IFERROR(IF(G18="",0,I18-G18),"") -> 0 | K18: =IFERROR(IF(E18="",0,F18-E18-J18),"") -> 0 | L18: =IF(E18="",0,IF($A18=1,$K18,IF($C18="",0,IF($K18-$T$8<0,0,$K18-$T$8)))) -> 0 | V18: =IFERROR(IF(T18="",0,U18-T18-J18),"") -> 0 | W18: =IFERROR(FLOOR(K18,TIME(0,VLOOKUP($C$2,#REF!,22,0),0)),"") | X18: =IF(VLOOKUP($C$2,#REF!,24,0)="日当",IF(K18=0,"",IF(K18<T$8,VLOOKUP($C$2,#REF!,21,0)*VALUE(K18-T$8)*24+VLOOKUP($C$2,#REF!,19,0),VLOOKUP($C$2,#REF!,20,0)*VALUE(K18-T$8)*24+VLOOKUP($C$2,#REF!,19,0))),"") -> #REF!
A19: =IF(COUNTIFS(祝日参照用!A:A,C19)=1,1,IF(D19="土",1,IF(D19="日",1,0))) -> 0 | C19: =IF(C18="","",IF(DAY(C18+1)=1,"",C18+1)) | D19: =TEXT(C19,"ddd") | H19: =IF(G19="","","～") | J19: =IFERROR(IF(G19="",0,I19-G19),"") -> 0 | K19: =IFERROR(IF(E19="",0,F19-E19-J19),"") -> 0 | L19: =IF(E19="",0,IF($A19=1,$K19,IF($C19="",0,IF($K19-$T$8<0,0,$K19-$T$8)))) -> 0 | V19: =IFERROR(IF(T19="",0,U19-T19-J19),"") -> 0 | W19: =IFERROR(FLOOR(K19,TIME(0,VLOOKUP($C$2,#REF!,22,0),0)),"") | X19: =IF(VLOOKUP($C$2,#REF!,24,0)="日当",IF(K19=0,"",IF(K19<T$8,VLOOKUP($C$2,#REF!,21,0)*VALUE(K19-T$8)*24+VLOOKUP($C$2,#REF!,19,0),VLOOKUP($C$2,#REF!,20,0)*VALUE(K19-T$8)*24+VLOOKUP($C$2,#REF!,19,0))),"") -> #REF!
A20: =IF(COUNTIFS(祝日参照用!A:A,C20)=1,1,IF(D20="土",1,IF(D20="日",1,0))) -> 0 | C20: =IF(C19="","",IF(DAY(C19+1)=1,"",C19+1)) | D20: =TEXT(C20,"ddd") | H20: =IF(G20="","","～") | J20: =IFERROR(IF(G20="",0,I20-G20),"") -> 0 | K20: =IFERROR(IF(E20="",0,F20-E20-J20),"") -> 0 | L20: =IF(E20="",0,IF($A20=1,$K20,IF($C20="",0,IF($K20-$T$8<0,0,$K20-$T$8)))) -> 0 | V20: =IFERROR(IF(T20="",0,U20-T20-J20),"") -> 0 | W20: =IFERROR(FLOOR(K20,TIME(0,VLOOKUP($C$2,#REF!,22,0),0)),"") | X20: =IF(VLOOKUP($C$2,#REF!,24,0)="日当",IF(K20=0,"",IF(K20<T$8,VLOOKUP($C$2,#REF!,21,0)*VALUE(K20-T$8)*24+VLOOKUP($C$2,#REF!,19,0),VLOOKUP($C$2,#REF!,20,0)*VALUE(K20-T$8)*24+VLOOKUP($C$2,#REF!,19,0))),"") -> #REF!
A21: =IF(COUNTIFS(祝日参照用!A:A,C21)=1,1,IF(D21="土",1,IF(D21="日",1,0))) -> 0 | C21: =IF(C20="","",IF(DAY(C20+1)=1,"",C20+1)) | D21: =TEXT(C21,"ddd") | H21: =IF(G21="","","～") | J21: =IFERROR(IF(G21="",0,I21-G21),"") -> 0 | K21: =IFERROR(IF(E21="",0,F21-E21-J21),"") -> 0 | L21: =IF(E21="",0,IF($A21=1,$K21,IF($C21="",0,IF($K21-$T$8<0,0,$K21-$T$8)))) -> 0 | V21: =IFERROR(IF(T21="",0,U21-T21-J21),"") -> 0 | W21: =IFERROR(FLOOR(K21,TIME(0,VLOOKUP($C$2,#REF!,22,0),0)),"") | X21: =IF(VLOOKUP($C$2,#REF!,24,0)="日当",IF(K21=0,"",IF(K21<T$8,VLOOKUP($C$2,#REF!,21,0)*VALUE(K21-T$8)*24+VLOOKUP($C$2,#REF!,19,0),VLOOKUP($C$2,#REF!,20,0)*VALUE(K21-T$8)*24+VLOOKUP($C$2,#REF!,19,0))),"") -> #REF!
A22: =IF(COUNTIFS(祝日参照用!A:A,C22)=1,1,IF(D22="土",1,IF(D22="日",1,0))) -> 0 | C22: =IF(C21="","",IF(DAY(C21+1)=1,"",C21+1)) | D22: =TEXT(C22,"ddd") | H22: =IF(G22="","","～") | J22: =IFERROR(IF(G22="",0,I22-G22),"") -> 0 | K22: =IFERROR(IF(E22="",0,F22-E22-J22),"") -> 0 | L22: =IF(E22="",0,IF($A22=1,$K22,IF($C22="",0,IF($K22-$T$8<0,0,$K22-$T$8)))) -> 0 | V22: =IFERROR(IF(T22="",0,U22-T22-J22),"") -> 0 | W22: =IFERROR(FLOOR(K22,TIME(0,VLOOKUP($C$2,#REF!,22,0),0)),"") | X22: =IF(VLOOKUP($C$2,#REF!,24,0)="日当",IF(K22=0,"",IF(K22<T$8,VLOOKUP($C$2,#REF!,21,0)*VALUE(K22-T$8)*24+VLOOKUP($C$2,#REF!,19,0),VLOOKUP($C$2,#REF!,20,0)*VALUE(K22-T$8)*24+VLOOKUP($C$2,#REF!,19,0))),"") -> #REF!
A23: =IF(COUNTIFS(祝日参照用!A:A,C23)=1,1,IF(D23="土",1,IF(D23="日",1,0))) -> 0 | C23: =IF(C22="","",IF(DAY(C22+1)=1,"",C22+1)) | D23: =TEXT(C23,"ddd") | H23: =IF(G23="","","～") | J23: =IFERROR(IF(G23="",0,I23-G23),"") -> 0 | K23: =IFERROR(IF(E23="",0,F23-E23-J23),"") -> 0 | L23: =IF(E23="",0,IF($A23=1,$K23,IF($C23="",0,IF($K23-$T$8<0,0,$K23-$T$8)))) -> 0 | V23: =IFERROR(IF(T23="",0,U23-T23-J23),"") -> 0 | W23: =IFERROR(FLOOR(K23,TIME(0,VLOOKUP($C$2,#REF!,22,0),0)),"") | X23: =IF(VLOOKUP($C$2,#REF!,24,0)="日当",IF(K23=0,"",IF(K23<T$8,VLOOKUP($C$2,#REF!,21,0)*VALUE(K23-T$8)*24+VLOOKUP($C$2,#REF!,19,0),VLOOKUP($C$2,#REF!,20,0)*VALUE(K23-T$8)*24+VLOOKUP($C$2,#REF!,19,0))),"") -> #REF!
A24: =IF(COUNTIFS(祝日参照用!A:A,C24)=1,1,IF(D24="土",1,IF(D24="日",1,0))) -> 0 | C24: =IF(C23="","",IF(DAY(C23+1)=1,"",C23+1)) | D24: =TEXT(C24,"ddd") | H24: =IF(G24="","","～") | J24: =IFERROR(IF(G24="",0,I24-G24),"") -> 0 | K24: =IFERROR(IF(E24="",0,F24-E24-J24),"") -> 0 | L24: =IF(E24="",0,IF($A24=1,$K24,IF($C24="",0,IF($K24-$T$8<0,0,$K24-$T$8)))) -> 0 | V24: =IFERROR(IF(T24="",0,U24-T24-J24),"") -> 0 | W24: =IFERROR(FLOOR(K24,TIME(0,VLOOKUP($C$2,#REF!,22,0),0)),"") | X24: =IF(VLOOKUP($C$2,#REF!,24,0)="日当",IF(K24=0,"",IF(K24<T$8,VLOOKUP($C$2,#REF!,21,0)*VALUE(K24-T$8)*24+VLOOKUP($C$2,#REF!,19,0),VLOOKUP($C$2,#REF!,20,0)*VALUE(K24-T$8)*24+VLOOKUP($C$2,#REF!,19,0))),"") -> #REF!
A25: =IF(COUNTIFS(祝日参照用!A:A,C25)=1,1,IF(D25="土",1,IF(D25="日",1,0))) -> 0 | C25: =IF(C24="","",IF(DAY(C24+1)=1,"",C24+1)) | D25: =TEXT(C25,"ddd") | H25: =IF(G25="","","～") | J25: =IFERROR(IF(G25="",0,I25-G25),"") -> 0 | K25: =IFERROR(IF(E25="",0,F25-E25-J25),"") -> 0 | L25: =IF(E25="",0,IF($A25=1,$K25,IF($C25="",0,IF($K25-$T$8<0,0,$K25-$T$8)))) -> 0 | V25: =IFERROR(IF(T25="",0,U25-T25-J25),"") -> 0 | W25: =IFERROR(FLOOR(K25,TIME(0,VLOOKUP($C$2,#REF!,22,0),0)),"") | X25: =IF(VLOOKUP($C$2,#REF!,24,0)="日当",IF(K25=0,"",IF(K25<T$8,VLOOKUP($C$2,#REF!,21,0)*VALUE(K25-T$8)*24+VLOOKUP($C$2,#REF!,19,0),VLOOKUP($C$2,#REF!,20,0)*VALUE(K25-T$8)*24+VLOOKUP($C$2,#REF!,19,0))),"") -> #REF!
A26: =IF(COUNTIFS(祝日参照用!A:A,C26)=1,1,IF(D26="土",1,IF(D26="日",1,0))) -> 0 | C26: =IF(C25="","",IF(DAY(C25+1)=1,"",C25+1)) | D26: =TEXT(C26,"ddd") | H26: =IF(G26="","","～") | J26: =IFERROR(IF(G26="",0,I26-G26),"") -> 0 | K26: =IFERROR(IF(E26="",0,F26-E26-J26),"") -> 0 | L26: =IF(E26="",0,IF($A26=1,$K26,IF($C26="",0,IF($K26-$T$8<0,0,$K26-$T$8)))) -> 0 | V26: =IFERROR(IF(T26="",0,U26-T26-J26),"") -> 0 | W26: =IFERROR(FLOOR(K26,TIME(0,VLOOKUP($C$2,#REF!,22,0),0)),"") | X26: =IF(VLOOKUP($C$2,#REF!,24,0)="日当",IF(K26=0,"",IF(K26<T$8,VLOOKUP($C$2,#REF!,21,0)*VALUE(K26-T$8)*24+VLOOKUP($C$2,#REF!,19,0),VLOOKUP($C$2,#REF!,20,0)*VALUE(K26-T$8)*24+VLOOKUP($C$2,#REF!,19,0))),"") -> #REF!
... A44: =IF(COUNTIFS(祝日参照用!A:A,C44)=1,1,IF(D44="土",1,IF(D44="日",1,0))) -> 0 | C44: =IF(C43="","",IF(DAY(C43+1)=1,"",C43+1)) | D44: =TEXT(C44,"ddd") | H44: =IF(G44="","","～") | J44: =IFERROR(IF(G44="",0,I44-G44),"") -> 0 | K44: =IFERROR(IF(E44="",0,F44-E44-J44),"") -> 0 | L44: =IF(E44="",0,IF($A44=1,$K44,IF($C44="",0,IF($K44-$T$8<0,0,$K44-$T$8)))) -> 0 | V44: =IFERROR(IF(T44="",0,U44-T44-J44),"") -> 0 | W44: =IFERROR(FLOOR(K44,TIME(0,VLOOKUP($C$2,#REF!,22,0),0)),"") | X44: =IF(VLOOKUP($C$2,#REF!,24,0)="日当",IF(K44=0,"",IF(K44<T$8,VLOOKUP($C$2,#REF!,21,0)*VALUE(K44-T$8)*24+VLOOKUP($C$2,#REF!,19,0),VLOOKUP($C$2,#REF!,20,0)*VALUE(K44-T$8)*24+VLOOKUP($C$2,#REF!,19,0))),"") -> #REF!
J45: =SUM(J14:J44) -> 0 | K45: =SUM(K14:K44) -> 0 | L45: =SUM(L14:L44) -> 0 | M45: =SUM(M14:M44) -> 0 | N45: =SUM(N14:N44) -> 0 | V45: =SUM(V14:V44) -> 0 | W45: =SUM(W14:W44) -> 0 | X45: =IF(Z5="日当",SUM(X14:X44),"")

Sheet 社員41
C1: SuccessHolders 勤務報告書 | M1: (西暦) | O1: =#REF! -> #REF! | Q1: 年 | R1: =#REF! -> #REF! | S1: 月分 | Y1: 勤怠サマリーへ
C2: 社員41 | Q2: 勤務日数： | S2: =COUNTA(E14:E44)&"日" -> 0日
C3: 派遣先企業名 | F3: =VLOOKUP($C$2,#REF!,4,0) -> #REF! | N3: 派遣先事業所名
C4: 派遣先住所
C5: 就業部署名 | N5: 連絡先
C6: 業務に伴う 責任の程度 | F6: (業務内容) | N6: 役職名 | R6: 部下 人数
C7: 実際の就業場所 | M7: 勤怠パターン | O7: 勤務時間 | R7: 休憩時間 | T7: 規定時間
P8: ～ | T8: =Q8-O8-R8 -> 0
P9: ～ | T9: =Q9-O9-R9 -> 0
B10: 氏名 | C10: 氏名 | F10: =VLOOKUP($C$2,#REF!,3,0) -> #REF! | O10: フレックスタイム制
O11: 変形労働時間制
A13: 祝日判定 | B13: チェック | C13: 月 日 | D13: 曜 日 | E13: 出勤 時刻 | F13: 退勤 時刻 | G13: 休憩 時刻 | J13: 休憩 時間 | K13: 所定 時間 | L13: 法定外 残業 | M13: 深夜 時間 | N13: 不就労 | O13: 業務内容・作業進捗状況・その他 | T13: 出勤時刻(KOT) | U13: 退勤時刻 (KOT) | V13: 所定時間 (KOT) | W13: 所定時間 (調整) | X13: 日当計算
A14: =IF(COUNTIFS(祝日参照用!A:A,C14)=1,1,IF(D14="土",1,IF(D14="日",1,0))) -> 0 | C14: =IFERROR(DATE(O1,R1,1),"") | D14: =TEXT(C14,"ddd") | H14: =IF(G14="","","～") | J14: =IFERROR(IF(G14="",0,I14-G14),"") -> 0 | K14: =IFERROR(IF(E14="",0,F14-E14-J14),"") -> 0 | L14: =IF(E14="",0,IF($A14=1,$K14,IF($C14="",0,IF($K14-$T$8<0,0,$K14-$T$8)))) -> 0 | V14: =IFERROR(IF(T14="",0,U14-T14-J14),"") -> 0 | W14: =IFERROR(FLOOR(K14,TIME(0,VLOOKUP($C$2,#REF!,22,0),0)),"") | X14: =IF(VLOOKUP($C$2,#REF!,24,0)="日当",IF(K14=0,"",IF(K14<T$8,VLOOKUP($C$2,#REF!,21,0)*VALUE(K14-T$8)*24+VLOOKUP($C$2,#REF!,19,0),VLOOKUP($C$2,#REF!,20,0)*VALUE(K14-T$8)*24+VLOOKUP($C$2,#REF!,19,0))),"") -> #REF!
A15: =IF(COUNTIFS(祝日参照用!A:A,C15)=1,1,IF(D15="土",1,IF(D15="日",1,0))) -> 0 | C15: =IF(C14="","",IF(DAY(C14+1)=1,"",C14+1)) | D15: =TEXT(C15,"ddd") | H15: =IF(G15="","","～") | J15: =IFERROR(IF(G15="",0,I15-G15),"") -> 0 | K15: =IFERROR(IF(E15="",0,F15-E15-J15),"") -> 0 | L15: =IF(E15="",0,IF($A15=1,$K15,IF($C15="",0,IF($K15-$T$8<0,0,$K15-$T$8)))) -> 0 | V15: =IFERROR(IF(T15="",0,U15-T15-J15),"") -> 0 | W15: =IFERROR(FLOOR(K15,TIME(0,VLOOKUP($C$2,#REF!,22,0),0)),"") | X15: =IF(VLOOKUP($C$2,#REF!,24,0)="日当",IF(K15=0,"",IF(K15<T$8,VLOOKUP($C$2,#REF!,21,0)*VALUE(K15-T$8)*24+VLOOKUP($C$2,#REF!,19,0),VLOOKUP($C$2,#REF!,20,0)*VALUE(K15-T$8)*24+VLOOKUP($C$2,#REF!,19,0))),"") -> #REF!
A16: =IF(COUNTIFS(祝日参照用!A:A,C16)=1,1,IF(D16="土",1,IF(D16="日",1,0))) -> 0 | C16: =IF(C15="","",IF(DAY(C15+1)=1,"",C15+1)) | D16: =TEXT(C16,"ddd") | H16: =IF(G16="","","～") | J16: =IFERROR(IF(G16="",0,I16-G16),"") -> 0 | K16: =IFERROR(IF(E16="",0,F16-E16-J16),"") -> 0 | L16: =IF(E16="",0,IF($A16=1,$K16,IF($C16="",0,IF($K16-$T$8<0,0,$K16-$T$8)))) -> 0 | V16: =IFERROR(IF(T16="",0,U16-T16-J16),"") -> 0 | W16: =IFERROR(FLOOR(K16,TIME(0,VLOOKUP($C$2,#REF!,22,0),0)),"") | X16: =IF(VLOOKUP($C$2,#REF!,24,0)="日当",IF(K16=0,"",IF(K16<T$8,VLOOKUP($C$2,#REF!,21,0)*VALUE(K16-T$8)*24+VLOOKUP($C$2,#REF!,19,0),VLOOKUP($C$2,#REF!,20,0)*VALUE(K16-T$8)*24+VLOOKUP($C$2,#REF!,19,0))),"") -> #REF!
A17: =IF(COUNTIFS(祝日参照用!A:A,C17)=1,1,IF(D17="土",1,IF(D17="日",1,0))) -> 0 | C17: =IF(C16="","",IF(DAY(C16+1)=1,"",C16+1)) | D17: =TEXT(C17,"ddd") | H17: =IF(G17="","","～") | J17: =IFERROR(IF(G17="",0,I17-G17),"") -> 0 | K17: =IFERROR(IF(E17="",0,F17-E17-J17),"") -> 0 | L17: =IF(E17="",0,IF($A17=1,$K17,IF($C17="",0,IF($K17-$T$8<0,0,$K17-$T$8)))) -> 0 | V17: =IFERROR(IF(T17="",0,U17-T17-J17),"") -> 0 | W17: =IFERROR(FLOOR(K17,TIME(0,VLOOKUP($C$2,#REF!,22,0),0)),"") | X17: =IF(VLOOKUP($C$2,#REF!,24,0)="日当",IF(K17=0,"",IF(K17<T$8,VLOOKUP($C$2,#REF!,21,0)*VALUE(K17-T$8)*24+VLOOKUP($C$2,#REF!,19,0),VLOOKUP($C$2,#REF!,20,0)*VALUE(K17-T$8)*24+VLOOKUP($C$2,#REF!,19,0))),"") -> #REF!
A18: =IF(COUNTIFS(祝日参照用!A:A,C18)=1,1,IF(D18="土",1,IF(D18="日",1,0))) -> 0 | C18: =IF(C17="","",IF(DAY(C17+1)=1,"",C17+1)) | D18: =TEXT(C18,"ddd") | H18: =IF(G18="","","～") | J18: =IFERROR(IF(G18="",0,I18-G18),"") -> 0 | K18: =IFERROR(IF(E18="",0,F18-E18-J18),"") -> 0 | L18: =IF(E18="",0,IF($A18=1,$K18,IF($C18="",0,IF($K18-$T$8<0,0,$K18-$T$8)))) -> 0 | V18: =IFERROR(IF(T18="",0,U18-T18-J18),"") -> 0 | W18: =IFERROR(FLOOR(K18,TIME(0,VLOOKUP($C$2,#REF!,22,0),0)),"") | X18: =IF(VLOOKUP($C$2,#REF!,24,0)="日当",IF(K18=0,"",IF(K18<T$8,VLOOKUP($C$2,#REF!,21,0)*VALUE(K18-T$8)*24+VLOOKUP($C$2,#REF!,19,0),VLOOKUP($C$2,#REF!,20,0)*VALUE(K18-T$8)*24+VLOOKUP($C$2,#REF!,19,0))),"") -> #REF!
A19: =IF(COUNTIFS(祝日参照用!A:A,C19)=1,1,IF(D19="土",1,IF(D19="日",1,0))) -> 0 | C19: =IF(C18="","",IF(DAY(C18+1)=1,"",C18+1)) | D19: =TEXT(C19,"ddd") | H19: =IF(G19="","","～") | J19: =IFERROR(IF(G19="",0,I19-G19),"") -> 0 | K19: =IFERROR(IF(E19="",0,F19-E19-J19),"") -> 0 | L19: =IF(E19="",0,IF($A19=1,$K19,IF($C19="",0,IF($K19-$T$8<0,0,$K19-$T$8)))) -> 0 | V19: =IFERROR(IF(T19="",0,U19-T19-J19),"") -> 0 | W19: =IFERROR(FLOOR(K19,TIME(0,VLOOKUP($C$2,#REF!,22,0),0)),"") | X19: =IF(VLOOKUP($C$2,#REF!,24,0)="日当",IF(K19=0,"",IF(K19<T$8,VLOOKUP($C$2,#REF!,21,0)*VALUE(K19-T$8)*24+VLOOKUP($C$2,#REF!,19,0),VLOOKUP($C$2,#REF!,20,0)*VALUE(K19-T$8)*24+VLOOKUP($C$2,#REF!,19,0))),"") -> #REF!
A20: =IF(COUNTIFS(祝日参照用!A:A,C20)=1,1,IF(D20="土",1,IF(D20="日",1,0))) -> 0 | C20: =IF(C19="","",IF(DAY(C19+1)=1,"",C19+1)) | D20: =TEXT(C20,"ddd") | H20: =IF(G20="","","～") | J20: =IFERROR(IF(G20="",0,I20-G20),"") -> 0 | K20: =IFERROR(IF(E20="",0,F20-E20-J20),"") -> 0 | L20: =IF(E20="",0,IF($A20=1,$K20,IF($C20="",0,IF($K20-$T$8<0,0,$K20-$T$8)))) -> 0 | V20: =IFERROR(IF(T20="",0,U20-T20-J20),"") -> 0 | W20: =IFERROR(FLOOR(K20,TIME(0,VLOOKUP($C$2,#REF!,22,0),0)),"") | X20: =IF(VLOOKUP($C$2,#REF!,24,0)="日当",IF(K20=0,"",IF(K20<T$8,VLOOKUP($C$2,#REF!,21,0)*VALUE(K20-T$8)*24+VLOOKUP($C$2,#REF!,19,0),VLOOKUP($C$2,#REF!,20,0)*VALUE(K20-T$8)*24+VLOOKUP($C$2,#REF!,19,0))),"") -> #REF!
A21: =IF(COUNTIFS(祝日参照用!A:A,C21)=1,1,IF(D21="土",1,IF(D21="日",1,0))) -> 0 | C21: =IF(C20="","",IF(DAY(C20+1)=1,"",C20+1)) | D21: =TEXT(C21,"ddd") | H21: =IF(G21="","","～") | J21: =IFERROR(IF(G21="",0,I21-G21),"") -> 0 | K21: =IFERROR(IF(E21="",0,F21-E21-J21),"") -> 0 | L21: =IF(E21="",0,IF($A21=1,$K21,IF($C21="",0,IF($K21-$T$8<0,0,$K21-$T$8)))) -> 0 | V21: =IFERROR(IF(T21="",0,U21-T21-J21),"") -> 0 | W21: =IFERROR(FLOOR(K21,TIME(0,VLOOKUP($C$2,#REF!,22,0),0)),"") | X21: =IF(VLOOKUP($C$2,#REF!,24,0)="日当",IF(K21=0,"",IF(K21<T$8,VLOOKUP($C$2,#REF!,21,0)*VALUE(K21-T$8)*24+VLOOKUP($C$2,#REF!,19,0),VLOOKUP($C$2,#REF!,20,0)*VALUE(K21-T$8)*24+VLOOKUP($C$2,#REF!,19,0))),"") -> #REF!
A22: =IF(COUNTIFS(祝日参照用!A:A,C22)=1,1,IF(D22="土",1,IF(D22="日",1,0))) -> 0 | C22: =IF(C21="","",IF(DAY(C21+1)=1,"",C21+1)) | D22: =TEXT(C22,"ddd") | H22: =IF(G22="","","～") | J22: =IFERROR(IF(G22="",0,I22-G22),"") -> 0 | K22: =IFERROR(IF(E22="",0,F22-E22-J22),"") -> 0 | L22: =IF(E22="",0,IF($A22=1,$K22,IF($C22="",0,IF($K22-$T$8<0,0,$K22-$T$8)))) -> 0 | V22: =IFERROR(IF(T22="",0,U22-T22-J22),"") -> 0 | W22: =IFERROR(FLOOR(K22,TIME(0,VLOOKUP($C$2,#REF!,22,0),0)),"") | X22: =IF(VLOOKUP($C$2,#REF!,24,0)="日当",IF(K22=0,"",IF(K22<T$8,VLOOKUP($C$2,#REF!,21,0)*VALUE(K22-T$8)*24+VLOOKUP($C$2,#REF!,19,0),VLOOKUP($C$2,#REF!,20,0)*VALUE(K22-T$8)*24+VLOOKUP($C$2,#REF!,19,0))),"") -> #REF!
A23: =IF(COUNTIFS(祝日参照用!A:A,C23)=1,1,IF(D23="土",1,IF(D23="日",1,0))) -> 0 | C23: =IF(C22="","",IF(DAY(C22+1)=1,"",C22+1)) | D23: =TEXT(C23,"ddd") | H23: =IF(G23="","","～") | J23: =IFERROR(IF(G23="",0,I23-G23),"") -> 0 | K23: =IFERROR(IF(E23="",0,F23-E23-J23),"") -> 0 | L23: =IF(E23="",0,IF($A23=1,$K23,IF($C23="",0,IF($K23-$T$8<0,0,$K23-$T$8)))) -> 0 | V23: =IFERROR(IF(T23="",0,U23-T23-J23),"") -> 0 | W23: =IFERROR(FLOOR(K23,TIME(0,VLOOKUP($C$2,#REF!,22,0),0)),"") | X23: =IF(VLOOKUP($C$2,#REF!,24,0)="日当",IF(K23=0,"",IF(K23<T$8,VLOOKUP($C$2,#REF!,21,0)*VALUE(K23-T$8)*24+VLOOKUP($C$2,#REF!,19,0),VLOOKUP($C$2,#REF!,20,0)*VALUE(K23-T$8)*24+VLOOKUP($C$2,#REF!,19,0))),"") -> #REF!
A24: =IF(COUNTIFS(祝日参照用!A:A,C24)=1,1,IF(D24="土",1,IF(D24="日",1,0))) -> 0 | C24: =IF(C23="","",IF(DAY(C23+1)=1,"",C23+1)) | D24: =TEXT(C24,"ddd") | H24: =IF(G24="","","～") | J24: =IFERROR(IF(G24="",0,I24-G24),"") -> 0 | K24: =IFERROR(IF(E24="",0,F24-E24-J24),"") -> 0 | L24: =IF(E24="",0,IF($A24=1,$K24,IF($C24="",0,IF($K24-$T$8<0,0,$K24-$T$8)))) -> 0 | V24: =IFERROR(IF(T24="",0,U24-T24-J24),"") -> 0 | W24: =IFERROR(FLOOR(K24,TIME(0,VLOOKUP($C$2,#REF!,22,0),0)),"") | X24: =IF(VLOOKUP($C$2,#REF!,24,0)="日当",IF(K24=0,"",IF(K24<T$8,VLOOKUP($C$2,#REF!,21,0)*VALUE(K24-T$8)*24+VLOOKUP($C$2,#REF!,19,0),VLOOKUP($C$2,#REF!,20,0)*VALUE(K24-T$8)*24+VLOOKUP($C$2,#REF!,19,0))),"") -> #REF!
A25: =IF(COUNTIFS(祝日参照用!A:A,C25)=1,1,IF(D25="土",1,IF(D25="日",1,0))) -> 0 | C25: =IF(C24="","",IF(DAY(C24+1)=1,"",C24+1)) | D25: =TEXT(C25,"ddd") | H25: =IF(G25="","","～") | J25: =IFERROR(IF(G25="",0,I25-G25),"") -> 0 | K25: =IFERROR(IF(E25="",0,F25-E25-J25),"") -> 0 | L25: =IF(E25="",0,IF($A25=1,$K25,IF($C25="",0,IF($K25-$T$8<0,0,$K25-$T$8)))) -> 0 | V25: =IFERROR(IF(T25="",0,U25-T25-J25),"") -> 0 | W25: =IFERROR(FLOOR(K25,TIME(0,VLOOKUP($C$2,#REF!,22,0),0)),"") | X25: =IF(VLOOKUP($C$2,#REF!,24,0)="日当",IF(K25=0,"",IF(K25<T$8,VLOOKUP($C$2,#REF!,21,0)*VALUE(K25-T$8)*24+VLOOKUP($C$2,#REF!,19,0),VLOOKUP($C$2,#REF!,20,0)*VALUE(K25-T$8)*24+VLOOKUP($C$2,#REF!,19,0))),"") -> #REF!
A26: =IF(COUNTIFS(祝日参照用!A:A,C26)=1,1,IF(D26="土",1,IF(D26="日",1,0))) -> 0 | C26: =IF(C25="","",IF(DAY(C25+1)=1,"",C25+1)) | D26: =TEXT(C26,"ddd") | H26: =IF(G26="","","～") | J26: =IFERROR(IF(G26="",0,I26-G26),"") -> 0 | K26: =IFERROR(IF(E26="",0,F26-E26-J26),"") -> 0 | L26: =IF(E26="",0,IF($A26=1,$K26,IF($C26="",0,IF($K26-$T$8<0,0,$K26-$T$8)))) -> 0 | V26: =IFERROR(IF(T26="",0,U26-T26-J26),"") -> 0 | W26: =IFERROR(FLOOR(K26,TIME(0,VLOOKUP($C$2,#REF!,22,0),0)),"") | X26: =IF(VLOOKUP($C$2,#REF!,24,0)="日当",IF(K26=0,"",IF(K26<T$8,VLOOKUP($C$2,#REF!,21,0)*VALUE(K26-T$8)*24+VLOOKUP($C$2,#REF!,19,0),VLOOKUP($C$2,#REF!,20,0)*VALUE(K26-T$8)*24+VLOOKUP($C$2,#REF!,19,0))),"") -> #REF!
... A44: =IF(COUNTIFS(祝日参照用!A:A,C44)=1,1,IF(D44="土",1,IF(D44="日",1,0))) -> 0 | C44: =IF(C43="","",IF(DAY(C43+1)=1,"",C43+1)) | D44: =TEXT(C44,"ddd") | H44: =IF(G44="","","～") | J44: =IFERROR(IF(G44="",0,I44-G44),"") -> 0 | K44: =IFERROR(IF(E44="",0,F44-E44-J44),"") -> 0 | L44: =IF(E44="",0,IF($A44=1,$K44,IF($C44="",0,IF($K44-$T$8<0,0,$K44-$T$8)))) -> 0 | V44: =IFERROR(IF(T44="",0,U44-T44-J44),"") -> 0 | W44: =IFERROR(FLOOR(K44,TIME(0,VLOOKUP($C$2,#REF!,22,0),0)),"") | X44: =IF(VLOOKUP($C$2,#REF!,24,0)="日当",IF(K44=0,"",IF(K44<T$8,VLOOKUP($C$2,#REF!,21,0)*VALUE(K44-T$8)*24+VLOOKUP($C$2,#REF!,19,0),VLOOKUP($C$2,#REF!,20,0)*VALUE(K44-T$8)*24+VLOOKUP($C$2,#REF!,19,0))),"") -> #REF!
J45: =SUM(J14:J44) -> 0 | K45: =SUM(K14:K44) -> 0 | L45: =SUM(L14:L44) -> 0 | M45: =SUM(M14:M44) -> 0 | N45: =SUM(N14:N44) -> 0 | V45: =SUM(V14:V44) -> 0 | W45: =SUM(W14:W44) -> 0 | X45: =IF(Z5="日当",SUM(X14:X44),"")

Sheet 社員42
C1: SuccessHolders 勤務報告書 | M1: (西暦) | O1: =#REF! -> #REF! | Q1: 年 | R1: =#REF! -> #REF! | S1: 月分 | Y1: 勤怠サマリーへ
C2: 社員42 | Q2: 勤務日数： | S2: =COUNTA(E14:E44)&"日" -> 0日
C3: 派遣先企業名 | F3: =VLOOKUP($C$2,#REF!,4,0) -> #REF! | N3: 派遣先事業所名
C4: 派遣先住所
C5: 就業部署名 | N5: 連絡先
C6: 業務に伴う 責任の程度 | F6: (業務内容) | N6: 役職名 | R6: 部下 人数
C7: 実際の就業場所 | M7: 勤怠パターン | O7: 勤務時間 | R7: 休憩時間 | T7: 規定時間
P8: ～ | T8: =Q8-O8-R8 -> 0
P9: ～ | T9: =Q9-O9-R9 -> 0
B10: 氏名 | C10: 氏名 | F10: =VLOOKUP($C$2,#REF!,3,0) -> #REF! | O10: フレックスタイム制
O11: 変形労働時間制
A13: 祝日判定 | B13: チェック | C13: 月 日 | D13: 曜 日 | E13: 出勤 時刻 | F13: 退勤 時刻 | G13: 休憩 時刻 | J13: 休憩 時間 | K13: 所定 時間 | L13: 法定外 残業 | M13: 深夜 時間 | N13: 不就労 | O13: 業務内容・作業進捗状況・その他 | T13: 出勤時刻(KOT) | U13: 退勤時刻 (KOT) | V13: 所定時間 (KOT) | W13: 所定時間 (調整) | X13: 日当計算
A14: =IF(COUNTIFS(祝日参照用!A:A,C14)=1,1,IF(D14="土",1,IF(D14="日",1,0))) -> 0 | C14: =IFERROR(DATE(O1,R1,1),"") | D14: =TEXT(C14,"ddd") | H14: =IF(G14="","","～") | J14: =IFERROR(IF(G14="",0,I14-G14),"") -> 0 | K14: =IFERROR(IF(E14="",0,F14-E14-J14),"") -> 0 | L14: =IF(E14="",0,IF($A14=1,$K14,IF($C14="",0,IF($K14-$T$8<0,0,$K14-$T$8)))) -> 0 | V14: =IFERROR(IF(T14="",0,U14-T14-J14),"") -> 0 | W14: =IFERROR(FLOOR(K14,TIME(0,VLOOKUP($C$2,#REF!,22,0),0)),"") | X14: =IF(VLOOKUP($C$2,#REF!,24,0)="日当",IF(K14=0,"",IF(K14<T$8,VLOOKUP($C$2,#REF!,21,0)*VALUE(K14-T$8)*24+VLOOKUP($C$2,#REF!,19,0),VLOOKUP($C$2,#REF!,20,0)*VALUE(K14-T$8)*24+VLOOKUP($C$2,#REF!,19,0))),"") -> #REF!
A15: =IF(COUNTIFS(祝日参照用!A:A,C15)=1,1,IF(D15="土",1,IF(D15="日",1,0))) -> 0 | C15: =IF(C14="","",IF(DAY(C14+1)=1,"",C14+1)) | D15: =TEXT(C15,"ddd") | H15: =IF(G15="","","～") | J15: =IFERROR(IF(G15="",0,I15-G15),"") -> 0 | K15: =IFERROR(IF(E15="",0,F15-E15-J15),"") -> 0 | L15: =IF(E15="",0,IF($A15=1,$K15,IF($C15="",0,IF($K15-$T$8<0,0,$K15-$T$8)))) -> 0 | V15: =IFERROR(IF(T15="",0,U15-T15-J15),"") -> 0 | W15: =IFERROR(FLOOR(K15,TIME(0,VLOOKUP($C$2,#REF!,22,0),0)),"") | X15: =IF(VLOOKUP($C$2,#REF!,24,0)="日当",IF(K15=0,"",IF(K15<T$8,VLOOKUP($C$2,#REF!,21,0)*VALUE(K15-T$8)*24+VLOOKUP($C$2,#REF!,19,0),VLOOKUP($C$2,#REF!,20,0)*VALUE(K15-T$8)*24+VLOOKUP($C$2,#REF!,19,0))),"") -> #REF!
A16: =IF(COUNTIFS(祝日参照用!A:A,C16)=1,1,IF(D16="土",1,IF(D16="日",1,0))) -> 0 | C16: =IF(C15="","",IF(DAY(C15+1)=1,"",C15+1)) | D16: =TEXT(C16,"ddd") | H16: =IF(G16="","","～") | J16: =IFERROR(IF(G16="",0,I16-G16),"") -> 0 | K16: =IFERROR(IF(E16="",0,F16-E16-J16),"") -> 0 | L16: =IF(E16="",0,IF($A16=1,$K16,IF($C16="",0,IF($K16-$T$8<0,0,$K16-$T$8)))) -> 0 | V16: =IFERROR(IF(T16="",0,U16-T16-J16),"") -> 0 | W16: =IFERROR(FLOOR(K16,TIME(0,VLOOKUP($C$2,#REF!,22,0),0)),"") | X16: =IF(VLOOKUP($C$2,#REF!,24,0)="日当",IF(K16=0,"",IF(K16<T$8,VLOOKUP($C$2,#REF!,21,0)*VALUE(K16-T$8)*24+VLOOKUP($C$2,#REF!,19,0),VLOOKUP($C$2,#REF!,20,0)*VALUE(K16-T$8)*24+VLOOKUP($C$2,#REF!,19,0))),"") -> #REF!
A17: =IF(COUNTIFS(祝日参照用!A:A,C17)=1,1,IF(D17="土",1,IF(D17="日",1,0))) -> 0 | C17: =IF(C16="","",IF(DAY(C16+1)=1,"",C16+1)) | D17: =TEXT(C17,"ddd") | H17: =IF(G17="","","～") | J17: =IFERROR(IF(G17="",0,I17-G17),"") -> 0 | K17: =IFERROR(IF(E17="",0,F17-E17-J17),"") -> 0 | L17: =IF(E17="",0,IF($A17=1,$K17,IF($C17="",0,IF($K17-$T$8<0,0,$K17-$T$8)))) -> 0 | V17: =IFERROR(IF(T17="",0,U17-T17-J17),"") -> 0 | W17: =IFERROR(FLOOR(K17,TIME(0,VLOOKUP($C$2,#REF!,22,0),0)),"") | X17: =IF(VLOOKUP($C$2,#REF!,24,0)="日当",IF(K17=0,"",IF(K17<T$8,VLOOKUP($C$2,#REF!,21,0)*VALUE(K17-T$8)*24+VLOOKUP($C$2,#REF!,19,0),VLOOKUP($C$2,#REF!,20,0)*VALUE(K17-T$8)*24+VLOOKUP($C$2,#REF!,19,0))),"") -> #REF!
A18: =IF(COUNTIFS(祝日参照用!A:A,C18)=1,1,IF(D18="土",1,IF(D18="日",1,0))) -> 0 | C18: =IF(C17="","",IF(DAY(C17+1)=1,"",C17+1)) | D18: =TEXT(C18,"ddd") | H18: =IF(G18="","","～") | J18: =IFERROR(IF(G18="",0,I18-G18),"") -> 0 | K18: =IFERROR(IF(E18="",0,F18-E18-J18),"") -> 0 | L18: =IF(E18="",0,IF($A18=1,$K18,IF($C18="",0,IF($K18-$T$8<0,0,$K18-$T$8)))) -> 0 | V18: =IFERROR(IF(T18="",0,U18-T18-J18),"") -> 0 | W18: =IFERROR(FLOOR(K18,TIME(0,VLOOKUP($C$2,#REF!,22,0),0)),"") | X18: =IF(VLOOKUP($C$2,#REF!,24,0)="日当",IF(K18=0,"",IF(K18<T$8,VLOOKUP($C$2,#REF!,21,0)*VALUE(K18-T$8)*24+VLOOKUP($C$2,#REF!,19,0),VLOOKUP($C$2,#REF!,20,0)*VALUE(K18-T$8)*24+VLOOKUP($C$2,#REF!,19,0))),"") -> #REF!
A19: =IF(COUNTIFS(祝日参照用!A:A,C19)=1,1,IF(D19="土",1,IF(D19="日",1,0))) -> 0 | C19: =IF(C18="","",IF(DAY(C18+1)=1,"",C18+1)) | D19: =TEXT(C19,"ddd") | H19: =IF(G19="","","～") | J19: =IFERROR(IF(G19="",0,I19-G19),"") -> 0 | K19: =IFERROR(IF(E19="",0,F19-E19-J19),"") -> 0 | L19: =IF(E19="",0,IF($A19=1,$K19,IF($C19="",0,IF($K19-$T$8<0,0,$K19-$T$8)))) -> 0 | V19: =IFERROR(IF(T19="",0,U19-T19-J19),"") -> 0 | W19: =IFERROR(FLOOR(K19,TIME(0,VLOOKUP($C$2,#REF!,22,0),0)),"") | X19: =IF(VLOOKUP($C$2,#REF!,24,0)="日当",IF(K19=0,"",IF(K19<T$8,VLOOKUP($C$2,#REF!,21,0)*VALUE(K19-T$8)*24+VLOOKUP($C$2,#REF!,19,0),VLOOKUP($C$2,#REF!,20,0)*VALUE(K19-T$8)*24+VLOOKUP($C$2,#REF!,19,0))),"") -> #REF!
A20: =IF(COUNTIFS(祝日参照用!A:A,C20)=1,1,IF(D20="土",1,IF(D20="日",1,0))) -> 0 | C20: =IF(C19="","",IF(DAY(C19+1)=1,"",C19+1)) | D20: =TEXT(C20,"ddd") | H20: =IF(G20="","","～") | J20: =IFERROR(IF(G20="",0,I20-G20),"") -> 0 | K20: =IFERROR(IF(E20="",0,F20-E20-J20),"") -> 0 | L20: =IF(E20="",0,IF($A20=1,$K20,IF($C20="",0,IF($K20-$T$8<0,0,$K20-$T$8)))) -> 0 | V20: =IFERROR(IF(T20="",0,U20-T20-J20),"") -> 0 | W20: =IFERROR(FLOOR(K20,TIME(0,VLOOKUP($C$2,#REF!,22,0),0)),"") | X20: =IF(VLOOKUP($C$2,#REF!,24,0)="日当",IF(K20=0,"",IF(K20<T$8,VLOOKUP($C$2,#REF!,21,0)*VALUE(K20-T$8)*24+VLOOKUP($C$2,#REF!,19,0),VLOOKUP($C$2,#REF!,20,0)*VALUE(K20-T$8)*24+VLOOKUP($C$2,#REF!,19,0))),"") -> #REF!
A21: =IF(COUNTIFS(祝日参照用!A:A,C21)=1,1,IF(D21="土",1,IF(D21="日",1,0))) -> 0 | C21: =IF(C20="","",IF(DAY(C20+1)=1,"",C20+1)) | D21: =TEXT(C21,"ddd") | H21: =IF(G21="","","～") | J21: =IFERROR(IF(G21="",0,I21-G21),"") -> 0 | K21: =IFERROR(IF(E21="",0,F21-E21-J21),"") -> 0 | L21: =IF(E21="",0,IF($A21=1,$K21,IF($C21="",0,IF($K21-$T$8<0,0,$K21-$T$8)))) -> 0 | V21: =IFERROR(IF(T21="",0,U21-T21-J21),"") -> 0 | W21: =IFERROR(FLOOR(K21,TIME(0,VLOOKUP($C$2,#REF!,22,0),0)),"") | X21: =IF(VLOOKUP($C$2,#REF!,24,0)="日当",IF(K21=0,"",IF(K21<T$8,VLOOKUP($C$2,#REF!,21,0)*VALUE(K21-T$8)*24+VLOOKUP($C$2,#REF!,19,0),VLOOKUP($C$2,#REF!,20,0)*VALUE(K21-T$8)*24+VLOOKUP($C$2,#REF!,19,0))),"") -> #REF!
A22: =IF(COUNTIFS(祝日参照用!A:A,C22)=1,1,IF(D22="土",1,IF(D22="日",1,0))) -> 0 | C22: =IF(C21="","",IF(DAY(C21+1)=1,"",C21+1)) | D22: =TEXT(C22,"ddd") | H22: =IF(G22="","","～") | J22: =IFERROR(IF(G22="",0,I22-G22),"") -> 0 | K22: =IFERROR(IF(E22="",0,F22-E22-J22),"") -> 0 | L22: =IF(E22="",0,IF($A22=1,$K22,IF($C22="",0,IF($K22-$T$8<0,0,$K22-$T$8)))) -> 0 | V22: =IFERROR(IF(T22="",0,U22-T22-J22),"") -> 0 | W22: =IFERROR(FLOOR(K22,TIME(0,VLOOKUP($C$2,#REF!,22,0),0)),"") | X22: =IF(VLOOKUP($C$2,#REF!,24,0)="日当",IF(K22=0,"",IF(K22<T$8,VLOOKUP($C$2,#REF!,21,0)*VALUE(K22-T$8)*24+VLOOKUP($C$2,#REF!,19,0),VLOOKUP($C$2,#REF!,20,0)*VALUE(K22-T$8)*24+VLOOKUP($C$2,#REF!,19,0))),"") -> #REF!
A23: =IF(COUNTIFS(祝日参照用!A:A,C23)=1,1,IF(D23="土",1,IF(D23="日",1,0))) -> 0 | C23: =IF(C22="","",IF(DAY(C22+1)=1,"",C22+1)) | D23: =TEXT(C23,"ddd") | H23: =IF(G23="","","～") | J23: =IFERROR(IF(G23="",0,I23-G23),"") -> 0 | K23: =IFERROR(IF(E23="",0,F23-E23-J23),"") -> 0 | L23: =IF(E23="",0,IF($A23=1,$K23,IF($C23="",0,IF($K23-$T$8<0,0,$K23-$T$8)))) -> 0 | V23: =IFERROR(IF(T23="",0,U23-T23-J23),"") -> 0 | W23: =IFERROR(FLOOR(K23,TIME(0,VLOOKUP($C$2,#REF!,22,0),0)),"") | X23: =IF(VLOOKUP($C$2,#REF!,24,0)="日当",IF(K23=0,"",IF(K23<T$8,VLOOKUP($C$2,#REF!,21,0)*VALUE(K23-T$8)*24+VLOOKUP($C$2,#REF!,19,0),VLOOKUP($C$2,#REF!,20,0)*VALUE(K23-T$8)*24+VLOOKUP($C$2,#REF!,19,0))),"") -> #REF!
A24: =IF(COUNTIFS(祝日参照用!A:A,C24)=1,1,IF(D24="土",1,IF(D24="日",1,0))) -> 0 | C24: =IF(C23="","",IF(DAY(C23+1)=1,"",C23+1)) | D24: =TEXT(C24,"ddd") | H24: =IF(G24="","","～") | J24: =IFERROR(IF(G24="",0,I24-G24),"") -> 0 | K24: =IFERROR(IF(E24="",0,F24-E24-J24),"") -> 0 | L24: =IF(E24="",0,IF($A24=1,$K24,IF($C24="",0,IF($K24-$T$8<0,0,$K24-$T$8)))) -> 0 | V24: =IFERROR(IF(T24="",0,U24-T24-J24),"") -> 0 | W24: =IFERROR(FLOOR(K24,TIME(0,VLOOKUP($C$2,#REF!,22,0),0)),"") | X24: =IF(VLOOKUP($C$2,#REF!,24,0)="日当",IF(K24=0,"",IF(K24<T$8,VLOOKUP($C$2,#REF!,21,0)*VALUE(K24-T$8)*24+VLOOKUP($C$2,#REF!,19,0),VLOOKUP($C$2,#REF!,20,0)*VALUE(K24-T$8)*24+VLOOKUP($C$2,#REF!,19,0))),"") -> #REF!
A25: =IF(COUNTIFS(祝日参照用!A:A,C25)=1,1,IF(D25="土",1,IF(D25="日",1,0))) -> 0 | C25: =IF(C24="","",IF(DAY(C24+1)=1,"",C24+1)) | D25: =TEXT(C25,"ddd") | H25: =IF(G25="","","～") | J25: =IFERROR(IF(G25="",0,I25-G25),"") -> 0 | K25: =IFERROR(IF(E25="",0,F25-E25-J25),"") -> 0 | L25: =IF(E25="",0,IF($A25=1,$K25,IF($C25="",0,IF($K25-$T$8<0,0,$K25-$T$8)))) -> 0 | V25: =IFERROR(IF(T25="",0,U25-T25-J25),"") -> 0 | W25: =IFERROR(FLOOR(K25,TIME(0,VLOOKUP($C$2,#REF!,22,0),0)),"") | X25: =IF(VLOOKUP($C$2,#REF!,24,0)="日当",IF(K25=0,"",IF(K25<T$8,VLOOKUP($C$2,#REF!,21,0)*VALUE(K25-T$8)*24+VLOOKUP($C$2,#REF!,19,0),VLOOKUP($C$2,#REF!,20,0)*VALUE(K25-T$8)*24+VLOOKUP($C$2,#REF!,19,0))),"") -> #REF!
A26: =IF(COUNTIFS(祝日参照用!A:A,C26)=1,1,IF(D26="土",1,IF(D26="日",1,0))) -> 0 | C26: =IF(C25="","",IF(DAY(C25+1)=1,"",C25+1)) | D26: =TEXT(C26,"ddd") | H26: =IF(G26="","","～") | J26: =IFERROR(IF(G26="",0,I26-G26),"") -> 0 | K26: =IFERROR(IF(E26="",0,F26-E26-J26),"") -> 0 | L26: =IF(E26="",0,IF($A26=1,$K26,IF($C26="",0,IF($K26-$T$8<0,0,$K26-$T$8)))) -> 0 | V26: =IFERROR(IF(T26="",0,U26-T26-J26),"") -> 0 | W26: =IFERROR(FLOOR(K26,TIME(0,VLOOKUP($C$2,#REF!,22,0),0)),"") | X26: =IF(VLOOKUP($C$2,#REF!,24,0)="日当",IF(K26=0,"",IF(K26<T$8,VLOOKUP($C$2,#REF!,21,0)*VALUE(K26-T$8)*24+VLOOKUP($C$2,#REF!,19,0),VLOOKUP($C$2,#REF!,20,0)*VALUE(K26-T$8)*24+VLOOKUP($C$2,#REF!,19,0))),"") -> #REF!
... A44: =IF(COUNTIFS(祝日参照用!A:A,C44)=1,1,IF(D44="土",1,IF(D44="日",1,0))) -> 0 | C44: =IF(C43="","",IF(DAY(C43+1)=1,"",C43+1)) | D44: =TEXT(C44,"ddd") | H44: =IF(G44="","","～") | J44: =IFERROR(IF(G44="",0,I44-G44),"") -> 0 | K44: =IFERROR(IF(E44="",0,F44-E44-J44),"") -> 0 | L44: =IF(E44="",0,IF($A44=1,$K44,IF($C44="",0,IF($K44-$T$8<0,0,$K44-$T$8)))) -> 0 | V44: =IFERROR(IF(T44="",0,U44-T44-J44),"") -> 0 | W44: =IFERROR(FLOOR(K44,TIME(0,VLOOKUP($C$2,#REF!,22,0),0)),"") | X44: =IF(VLOOKUP($C$2,#REF!,24,0)="日当",IF(K44=0,"",IF(K44<T$8,VLOOKUP($C$2,#REF!,21,0)*VALUE(K44-T$8)*24+VLOOKUP($C$2,#REF!,19,0),VLOOKUP($C$2,#REF!,20,0)*VALUE(K44-T$8)*24+VLOOKUP($C$2,#REF!,19,0))),"") -> #REF!
J45: =SUM(J14:J44) -> 0 | K45: =SUM(K14:K44) -> 0 | L45: =SUM(L14:L44) -> 0 | M45: =SUM(M14:M44) -> 0 | N45: =SUM(N14:N44) -> 0 | V45: =SUM(V14:V44) -> 0 | W45: =SUM(W14:W44) -> 0 | X45: =IF(Z5="日当",SUM(X14:X44),"")

Sheet 社員44
C1: SuccessHolders 勤務報告書 | M1: (西暦) | O1: =#REF! -> #REF! | Q1: 年 | R1: =#REF! -> #REF! | S1: 月分 | Y1: 勤怠サマリーへ
C2: 社員44 | Q2: 勤務日数： | S2: =COUNTA(E14:E44)&"日" -> 0日
C3: 派遣先企業名 | F3: =VLOOKUP($C$2,#REF!,4,0) -> #REF! | N3: 派遣先事業所名
C4: 派遣先住所
C5: 就業部署名 | N5: 連絡先
C6: 業務に伴う 責任の程度 | F6: (業務内容) | N6: 役職名 | R6: 部下 人数
C7: 実際の就業場所 | M7: 勤怠パターン | O7: 勤務時間 | R7: 休憩時間 | T7: 規定時間
P8: ～ | T8: =Q8-O8-R8 -> 0
P9: ～ | T9: =Q9-O9-R9 -> 0
B10: 氏名 | C10: 氏名 | F10: =VLOOKUP($C$2,#REF!,3,0) -> #REF! | O10: フレックスタイム制
O11: 変形労働時間制
A13: 祝日判定 | B13: チェック | C13: 月 日 | D13: 曜 日 | E13: 出勤 時刻 | F13: 退勤 時刻 | G13: 休憩 時刻 | J13: 休憩 時間 | K13: 所定 時間 | L13: 法定外 残業 | M13: 深夜 時間 | N13: 不就労 | O13: 業務内容・作業進捗状況・その他 | T13: 出勤時刻(KOT) | U13: 退勤時刻 (KOT) | V13: 所定時間 (KOT) | W13: 所定時間 (調整) | X13: 日当計算
A14: =IF(COUNTIFS(祝日参照用!A:A,C14)=1,1,IF(D14="土",1,IF(D14="日",1,0))) -> 0 | C14: =IFERROR(DATE(O1,R1,1),"") | D14: =TEXT(C14,"ddd") | H14: =IF(G14="","","～") | J14: =IFERROR(IF(G14="",0,I14-G14),"") -> 0 | K14: =IFERROR(IF(E14="",0,F14-E14-J14),"") -> 0 | L14: =IF(E14="",0,IF($A14=1,$K14,IF($C14="",0,IF($K14-$T$8<0,0,$K14-$T$8)))) -> 0 | V14: =IFERROR(IF(T14="",0,U14-T14-J14),"") -> 0 | W14: =IFERROR(FLOOR(K14,TIME(0,VLOOKUP($C$2,#REF!,22,0),0)),"") | X14: =IF(VLOOKUP($C$2,#REF!,24,0)="日当",IF(K14=0,"",IF(K14<T$8,VLOOKUP($C$2,#REF!,21,0)*VALUE(K14-T$8)*24+VLOOKUP($C$2,#REF!,19,0),VLOOKUP($C$2,#REF!,20,0)*VALUE(K14-T$8)*24+VLOOKUP($C$2,#REF!,19,0))),"") -> #REF!
A15: =IF(COUNTIFS(祝日参照用!A:A,C15)=1,1,IF(D15="土",1,IF(D15="日",1,0))) -> 0 | C15: =IF(C14="","",IF(DAY(C14+1)=1,"",C14+1)) | D15: =TEXT(C15,"ddd") | H15: =IF(G15="","","～") | J15: =IFERROR(IF(G15="",0,I15-G15),"") -> 0 | K15: =IFERROR(IF(E15="",0,F15-E15-J15),"") -> 0 | L15: =IF(E15="",0,IF($A15=1,$K15,IF($C15="",0,IF($K15-$T$8<0,0,$K15-$T$8)))) -> 0 | V15: =IFERROR(IF(T15="",0,U15-T15-J15),"") -> 0 | W15: =IFERROR(FLOOR(K15,TIME(0,VLOOKUP($C$2,#REF!,22,0),0)),"") | X15: =IF(VLOOKUP($C$2,#REF!,24,0)="日当",IF(K15=0,"",IF(K15<T$8,VLOOKUP($C$2,#REF!,21,0)*VALUE(K15-T$8)*24+VLOOKUP($C$2,#REF!,19,0),VLOOKUP($C$2,#REF!,20,0)*VALUE(K15-T$8)*24+VLOOKUP($C$2,#REF!,19,0))),"") -> #REF!
A16: =IF(COUNTIFS(祝日参照用!A:A,C16)=1,1,IF(D16="土",1,IF(D16="日",1,0))) -> 0 | C16: =IF(C15="","",IF(DAY(C15+1)=1,"",C15+1)) | D16: =TEXT(C16,"ddd") | H16: =IF(G16="","","～") | J16: =IFERROR(IF(G16="",0,I16-G16),"") -> 0 | K16: =IFERROR(IF(E16="",0,F16-E16-J16),"") -> 0 | L16: =IF(E16="",0,IF($A16=1,$K16,IF($C16="",0,IF($K16-$T$8<0,0,$K16-$T$8)))) -> 0 | V16: =IFERROR(IF(T16="",0,U16-T16-J16),"") -> 0 | W16: =IFERROR(FLOOR(K16,TIME(0,VLOOKUP($C$2,#REF!,22,0),0)),"") | X16: =IF(VLOOKUP($C$2,#REF!,24,0)="日当",IF(K16=0,"",IF(K16<T$8,VLOOKUP($C$2,#REF!,21,0)*VALUE(K16-T$8)*24+VLOOKUP($C$2,#REF!,19,0),VLOOKUP($C$2,#REF!,20,0)*VALUE(K16-T$8)*24+VLOOKUP($C$2,#REF!,19,0))),"") -> #REF!
A17: =IF(COUNTIFS(祝日参照用!A:A,C17)=1,1,IF(D17="土",1,IF(D17="日",1,0))) -> 0 | C17: =IF(C16="","",IF(DAY(C16+1)=1,"",C16+1)) | D17: =TEXT(C17,"ddd") | H17: =IF(G17="","","～") | J17: =IFERROR(IF(G17="",0,I17-G17),"") -> 0 | K17: =IFERROR(IF(E17="",0,F17-E17-J17),"") -> 0 | L17: =IF(E17="",0,IF($A17=1,$K17,IF($C17="",0,IF($K17-$T$8<0,0,$K17-$T$8)))) -> 0 | V17: =IFERROR(IF(T17="",0,U17-T17-J17),"") -> 0 | W17: =IFERROR(FLOOR(K17,TIME(0,VLOOKUP($C$2,#REF!,22,0),0)),"") | X17: =IF(VLOOKUP($C$2,#REF!,24,0)="日当",IF(K17=0,"",IF(K17<T$8,VLOOKUP($C$2,#REF!,21,0)*VALUE(K17-T$8)*24+VLOOKUP($C$2,#REF!,19,0),VLOOKUP($C$2,#REF!,20,0)*VALUE(K17-T$8)*24+VLOOKUP($C$2,#REF!,19,0))),"") -> #REF!
A18: =IF(COUNTIFS(祝日参照用!A:A,C18)=1,1,IF(D18="土",1,IF(D18="日",1,0))) -> 0 | C18: =IF(C17="","",IF(DAY(C17+1)=1,"",C17+1)) | D18: =TEXT(C18,"ddd") | H18: =IF(G18="","","～") | J18: =IFERROR(IF(G18="",0,I18-G18),"") -> 0 | K18: =IFERROR(IF(E18="",0,F18-E18-J18),"") -> 0 | L18: =IF(E18="",0,IF($A18=1,$K18,IF($C18="",0,IF($K18-$T$8<0,0,$K18-$T$8)))) -> 0 | V18: =IFERROR(IF(T18="",0,U18-T18-J18),"") -> 0 | W18: =IFERROR(FLOOR(K18,TIME(0,VLOOKUP($C$2,#REF!,22,0),0)),"") | X18: =IF(VLOOKUP($C$2,#REF!,24,0)="日当",IF(K18=0,"",IF(K18<T$8,VLOOKUP($C$2,#REF!,21,0)*VALUE(K18-T$8)*24+VLOOKUP($C$2,#REF!,19,0),VLOOKUP($C$2,#REF!,20,0)*VALUE(K18-T$8)*24+VLOOKUP($C$2,#REF!,19,0))),"") -> #REF!
A19: =IF(COUNTIFS(祝日参照用!A:A,C19)=1,1,IF(D19="土",1,IF(D19="日",1,0))) -> 0 | C19: =IF(C18="","",IF(DAY(C18+1)=1,"",C18+1)) | D19: =TEXT(C19,"ddd") | H19: =IF(G19="","","～") | J19: =IFERROR(IF(G19="",0,I19-G19),"") -> 0 | K19: =IFERROR(IF(E19="",0,F19-E19-J19),"") -> 0 | L19: =IF(E19="",0,IF($A19=1,$K19,IF($C19="",0,IF($K19-$T$8<0,0,$K19-$T$8)))) -> 0 | V19: =IFERROR(IF(T19="",0,U19-T19-J19),"") -> 0 | W19: =IFERROR(FLOOR(K19,TIME(0,VLOOKUP($C$2,#REF!,22,0),0)),"") | X19: =IF(VLOOKUP($C$2,#REF!,24,0)="日当",IF(K19=0,"",IF(K19<T$8,VLOOKUP($C$2,#REF!,21,0)*VALUE(K19-T$8)*24+VLOOKUP($C$2,#REF!,19,0),VLOOKUP($C$2,#REF!,20,0)*VALUE(K19-T$8)*24+VLOOKUP($C$2,#REF!,19,0))),"") -> #REF!
A20: =IF(COUNTIFS(祝日参照用!A:A,C20)=1,1,IF(D20="土",1,IF(D20="日",1,0))) -> 0 | C20: =IF(C19="","",IF(DAY(C19+1)=1,"",C19+1)) | D20: =TEXT(C20,"ddd") | H20: =IF(G20="","","～") | J20: =IFERROR(IF(G20="",0,I20-G20),"") -> 0 | K20: =IFERROR(IF(E20="",0,F20-E20-J20),"") -> 0 | L20: =IF(E20="",0,IF($A20=1,$K20,IF($C20="",0,IF($K20-$T$8<0,0,$K20-$T$8)))) -> 0 | V20: =IFERROR(IF(T20="",0,U20-T20-J20),"") -> 0 | W20: =IFERROR(FLOOR(K20,TIME(0,VLOOKUP($C$2,#REF!,22,0),0)),"") | X20: =IF(VLOOKUP($C$2,#REF!,24,0)="日当",IF(K20=0,"",IF(K20<T$8,VLOOKUP($C$2,#REF!,21,0)*VALUE(K20-T$8)*24+VLOOKUP($C$2,#REF!,19,0),VLOOKUP($C$2,#REF!,20,0)*VALUE(K20-T$8)*24+VLOOKUP($C$2,#REF!,19,0))),"") -> #REF!
A21: =IF(COUNTIFS(祝日参照用!A:A,C21)=1,1,IF(D21="土",1,IF(D21="日",1,0))) -> 0 | C21: =IF(C20="","",IF(DAY(C20+1)=1,"",C20+1)) | D21: =TEXT(C21,"ddd") | H21: =IF(G21="","","～") | J21: =IFERROR(IF(G21="",0,I21-G21),"") -> 0 | K21: =IFERROR(IF(E21="",0,F21-E21-J21),"") -> 0 | L21: =IF(E21="",0,IF($A21=1,$K21,IF($C21="",0,IF($K21-$T$8<0,0,$K21-$T$8)))) -> 0 | V21: =IFERROR(IF(T21="",0,U21-T21-J21),"") -> 0 | W21: =IFERROR(FLOOR(K21,TIME(0,VLOOKUP($C$2,#REF!,22,0),0)),"") | X21: =IF(VLOOKUP($C$2,#REF!,24,0)="日当",IF(K21=0,"",IF(K21<T$8,VLOOKUP($C$2,#REF!,21,0)*VALUE(K21-T$8)*24+VLOOKUP($C$2,#REF!,19,0),VLOOKUP($C$2,#REF!,20,0)*VALUE(K21-T$8)*24+VLOOKUP($C$2,#REF!,19,0))),"") -> #REF!
A22: =IF(COUNTIFS(祝日参照用!A:A,C22)=1,1,IF(D22="土",1,IF(D22="日",1,0))) -> 0 | C22: =IF(C21="","",IF(DAY(C21+1)=1,"",C21+1)) | D22: =TEXT(C22,"ddd") | H22: =IF(G22="","","～") | J22: =IFERROR(IF(G22="",0,I22-G22),"") -> 0 | K22: =IFERROR(IF(E22="",0,F22-E22-J22),"") -> 0 | L22: =IF(E22="",0,IF($A22=1,$K22,IF($C22="",0,IF($K22-$T$8<0,0,$K22-$T$8)))) -> 0 | V22: =IFERROR(IF(T22="",0,U22-T22-J22),"") -> 0 | W22: =IFERROR(FLOOR(K22,TIME(0,VLOOKUP($C$2,#REF!,22,0),0)),"") | X22: =IF(VLOOKUP($C$2,#REF!,24,0)="日当",IF(K22=0,"",IF(K22<T$8,VLOOKUP($C$2,#REF!,21,0)*VALUE(K22-T$8)*24+VLOOKUP($C$2,#REF!,19,0),VLOOKUP($C$2,#REF!,20,0)*VALUE(K22-T$8)*24+VLOOKUP($C$2,#REF!,19,0))),"") -> #REF!
A23: =IF(COUNTIFS(祝日参照用!A:A,C23)=1,1,IF(D23="土",1,IF(D23="日",1,0))) -> 0 | C23: =IF(C22="","",IF(DAY(C22+1)=1,"",C22+1)) | D23: =TEXT(C23,"ddd") | H23: =IF(G23="","","～") | J23: =IFERROR(IF(G23="",0,I23-G23),"") -> 0 | K23: =IFERROR(IF(E23="",0,F23-E23-J23),"") -> 0 | L23: =IF(E23="",0,IF($A23=1,$K23,IF($C23="",0,IF($K23-$T$8<0,0,$K23-$T$8)))) -> 0 | V23: =IFERROR(IF(T23="",0,U23-T23-J23),"") -> 0 | W23: =IFERROR(FLOOR(K23,TIME(0,VLOOKUP($C$2,#REF!,22,0),0)),"") | X23: =IF(VLOOKUP($C$2,#REF!,24,0)="日当",IF(K23=0,"",IF(K23<T$8,VLOOKUP($C$2,#REF!,21,0)*VALUE(K23-T$8)*24+VLOOKUP($C$2,#REF!,19,0),VLOOKUP($C$2,#REF!,20,0)*VALUE(K23-T$8)*24+VLOOKUP($C$2,#REF!,19,0))),"") -> #REF!
A24: =IF(COUNTIFS(祝日参照用!A:A,C24)=1,1,IF(D24="土",1,IF(D24="日",1,0))) -> 0 | C24: =IF(C23="","",IF(DAY(C23+1)=1,"",C23+1)) | D24: =TEXT(C24,"ddd") | H24: =IF(G24="","","～") | J24: =IFERROR(IF(G24="",0,I24-G24),"") -> 0 | K24: =IFERROR(IF(E24="",0,F24-E24-J24),"") -> 0 | L24: =IF(E24="",0,IF($A24=1,$K24,IF($C24="",0,IF($K24-$T$8<0,0,$K24-$T$8)))) -> 0 | V24: =IFERROR(IF(T24="",0,U24-T24-J24),"") -> 0 | W24: =IFERROR(FLOOR(K24,TIME(0,VLOOKUP($C$2,#REF!,22,0),0)),"") | X24: =IF(VLOOKUP($C$2,#REF!,24,0)="日当",IF(K24=0,"",IF(K24<T$8,VLOOKUP($C$2,#REF!,21,0)*VALUE(K24-T$8)*24+VLOOKUP($C$2,#REF!,19,0),VLOOKUP($C$2,#REF!,20,0)*VALUE(K24-T$8)*24+VLOOKUP($C$2,#REF!,19,0))),"") -> #REF!
A25: =IF(COUNTIFS(祝日参照用!A:A,C25)=1,1,IF(D25="土",1,IF(D25="日",1,0))) -> 0 | C25: =IF(C24="","",IF(DAY(C24+1)=1,"",C24+1)) | D25: =TEXT(C25,"ddd") | H25: =IF(G25="","","～") | J25: =IFERROR(IF(G25="",0,I25-G25),"") -> 0 | K25: =IFERROR(IF(E25="",0,F25-E25-J25),"") -> 0 | L25: =IF(E25="",0,IF($A25=1,$K25,IF($C25="",0,IF($K25-$T$8<0,0,$K25-$T$8)))) -> 0 | V25: =IFERROR(IF(T25="",0,U25-T25-J25),"") -> 0 | W25: =IFERROR(FLOOR(K25,TIME(0,VLOOKUP($C$2,#REF!,22,0),0)),"") | X25: =IF(VLOOKUP($C$2,#REF!,24,0)="日当",IF(K25=0,"",IF(K25<T$8,VLOOKUP($C$2,#REF!,21,0)*VALUE(K25-T$8)*24+VLOOKUP($C$2,#REF!,19,0),VLOOKUP($C$2,#REF!,20,0)*VALUE(K25-T$8)*24+VLOOKUP($C$2,#REF!,19,0))),"") -> #REF!
A26: =IF(COUNTIFS(祝日参照用!A:A,C26)=1,1,IF(D26="土",1,IF(D26="日",1,0))) -> 0 | C26: =IF(C25="","",IF(DAY(C25+1)=1,"",C25+1)) | D26: =TEXT(C26,"ddd") | H26: =IF(G26="","","～") | J26: =IFERROR(IF(G26="",0,I26-G26),"") -> 0 | K26: =IFERROR(IF(E26="",0,F26-E26-J26),"") -> 0 | L26: =IF(E26="",0,IF($A26=1,$K26,IF($C26="",0,IF($K26-$T$8<0,0,$K26-$T$8)))) -> 0 | V26: =IFERROR(IF(T26="",0,U26-T26-J26),"") -> 0 | W26: =IFERROR(FLOOR(K26,TIME(0,VLOOKUP($C$2,#REF!,22,0),0)),"") | X26: =IF(VLOOKUP($C$2,#REF!,24,0)="日当",IF(K26=0,"",IF(K26<T$8,VLOOKUP($C$2,#REF!,21,0)*VALUE(K26-T$8)*24+VLOOKUP($C$2,#REF!,19,0),VLOOKUP($C$2,#REF!,20,0)*VALUE(K26-T$8)*24+VLOOKUP($C$2,#REF!,19,0))),"") -> #REF!
... A44: =IF(COUNTIFS(祝日参照用!A:A,C44)=1,1,IF(D44="土",1,IF(D44="日",1,0))) -> 0 | C44: =IF(C43="","",IF(DAY(C43+1)=1,"",C43+1)) | D44: =TEXT(C44,"ddd") | H44: =IF(G44="","","～") | J44: =IFERROR(IF(G44="",0,I44-G44),"") -> 0 | K44: =IFERROR(IF(E44="",0,F44-E44-J44),"") -> 0 | L44: =IF(E44="",0,IF($A44=1,$K44,IF($C44="",0,IF($K44-$T$8<0,0,$K44-$T$8)))) -> 0 | V44: =IFERROR(IF(T44="",0,U44-T44-J44),"") -> 0 | W44: =IFERROR(FLOOR(K44,TIME(0,VLOOKUP($C$2,#REF!,22,0),0)),"") | X44: =IF(VLOOKUP($C$2,#REF!,24,0)="日当",IF(K44=0,"",IF(K44<T$8,VLOOKUP($C$2,#REF!,21,0)*VALUE(K44-T$8)*24+VLOOKUP($C$2,#REF!,19,0),VLOOKUP($C$2,#REF!,20,0)*VALUE(K44-T$8)*24+VLOOKUP($C$2,#REF!,19,0))),"") -> #REF!
J45: =SUM(J14:J44) -> 0 | K45: =SUM(K14:K44) -> 0 | L45: =SUM(L14:L44) -> 0 | M45: =SUM(M14:M44) -> 0 | N45: =SUM(N14:N44) -> 0 | V45: =SUM(V14:V44) -> 0 | W45: =SUM(W14:W44) -> 0 | X45: =IF(Z5="日当",SUM(X14:X44),"")

Sheet 社員45
C1: SuccessHolders 勤務報告書 | M1: (西暦) | O1: =#REF! -> #REF! | Q1: 年 | R1: =#REF! -> #REF! | S1: 月分 | Y1: 勤怠サマリーへ
C2: 社員45 | Q2: 勤務日数： | S2: =COUNTA(E14:E44)&"日" -> 0日
C3: 派遣先企業名 | F3: =VLOOKUP($C$2,#REF!,4,0) -> #REF! | N3: 派遣先事業所名
C4: 派遣先住所
C5: 就業部署名 | N5: 連絡先
C6: 業務に伴う 責任の程度 | F6: (業務内容) | N6: 役職名 | R6: 部下 人数
C7: 実際の就業場所 | M7: 勤怠パターン | O7: 勤務時間 | R7: 休憩時間 | T7: 規定時間
P8: ～ | T8: =Q8-O8-R8 -> 0
P9: ～ | T9: =Q9-O9-R9 -> 0
B10: 氏名 | C10: 氏名 | F10: =VLOOKUP($C$2,#REF!,3,0) -> #REF! | O10: フレックスタイム制
O11: 変形労働時間制
A13: 祝日判定 | B13: チェック | C13: 月 日 | D13: 曜 日 | E13: 出勤 時刻 | F13: 退勤 時刻 | G13: 休憩 時刻 | J13: 休憩 時間 | K13: 所定 時間 | L13: 法定外 残業 | M13: 深夜 時間 | N13: 不就労 | O13: 業務内容・作業進捗状況・その他 | T13: 出勤時刻(KOT) | U13: 退勤時刻 (KOT) | V13: 所定時間 (KOT) | W13: 所定時間 (調整) | X13: 日当計算
A14: =IF(COUNTIFS(祝日参照用!A:A,C14)=1,1,IF(D14="土",1,IF(D14="日",1,0))) -> 0 | C14: =IFERROR(DATE(O1,R1,1),"") | D14: =TEXT(C14,"ddd") | H14: =IF(G14="","","～") | J14: =IFERROR(IF(G14="",0,I14-G14),"") -> 0 | K14: =IFERROR(IF(E14="",0,F14-E14-J14),"") -> 0 | L14: =IF(E14="",0,IF($A14=1,$K14,IF($C14="",0,IF($K14-$T$8<0,0,$K14-$T$8)))) -> 0 | V14: =IFERROR(IF(T14="",0,U14-T14-J14),"") -> 0 | W14: =IFERROR(FLOOR(K14,TIME(0,VLOOKUP($C$2,#REF!,22,0),0)),"") | X14: =IF(VLOOKUP($C$2,#REF!,24,0)="日当",IF(K14=0,"",IF(K14<T$8,VLOOKUP($C$2,#REF!,21,0)*VALUE(K14-T$8)*24+VLOOKUP($C$2,#REF!,19,0),VLOOKUP($C$2,#REF!,20,0)*VALUE(K14-T$8)*24+VLOOKUP($C$2,#REF!,19,0))),"") -> #REF!
A15: =IF(COUNTIFS(祝日参照用!A:A,C15)=1,1,IF(D15="土",1,IF(D15="日",1,0))) -> 0 | C15: =IF(C14="","",IF(DAY(C14+1)=1,"",C14+1)) | D15: =TEXT(C15,"ddd") | H15: =IF(G15="","","～") | J15: =IFERROR(IF(G15="",0,I15-G15),"") -> 0 | K15: =IFERROR(IF(E15="",0,F15-E15-J15),"") -> 0 | L15: =IF(E15="",0,IF($A15=1,$K15,IF($C15="",0,IF($K15-$T$8<0,0,$K15-$T$8)))) -> 0 | V15: =IFERROR(IF(T15="",0,U15-T15-J15),"") -> 0 | W15: =IFERROR(FLOOR(K15,TIME(0,VLOOKUP($C$2,#REF!,22,0),0)),"") | X15: =IF(VLOOKUP($C$2,#REF!,24,0)="日当",IF(K15=0,"",IF(K15<T$8,VLOOKUP($C$2,#REF!,21,0)*VALUE(K15-T$8)*24+VLOOKUP($C$2,#REF!,19,0),VLOOKUP($C$2,#REF!,20,0)*VALUE(K15-T$8)*24+VLOOKUP($C$2,#REF!,19,0))),"") -> #REF!
A16: =IF(COUNTIFS(祝日参照用!A:A,C16)=1,1,IF(D16="土",1,IF(D16="日",1,0))) -> 0 | C16: =IF(C15="","",IF(DAY(C15+1)=1,"",C15+1)) | D16: =TEXT(C16,"ddd") | H16: =IF(G16="","","～") | J16: =IFERROR(IF(G16="",0,I16-G16),"") -> 0 | K16: =IFERROR(IF(E16="",0,F16-E16-J16),"") -> 0 | L16: =IF(E16="",0,IF($A16=1,$K16,IF($C16="",0,IF($K16-$T$8<0,0,$K16-$T$8)))) -> 0 | V16: =IFERROR(IF(T16="",0,U16-T16-J16),"") -> 0 | W16: =IFERROR(FLOOR(K16,TIME(0,VLOOKUP($C$2,#REF!,22,0),0)),"") | X16: =IF(VLOOKUP($C$2,#REF!,24,0)="日当",IF(K16=0,"",IF(K16<T$8,VLOOKUP($C$2,#REF!,21,0)*VALUE(K16-T$8)*24+VLOOKUP($C$2,#REF!,19,0),VLOOKUP($C$2,#REF!,20,0)*VALUE(K16-T$8)*24+VLOOKUP($C$2,#REF!,19,0))),"") -> #REF!
A17: =IF(COUNTIFS(祝日参照用!A:A,C17)=1,1,IF(D17="土",1,IF(D17="日",1,0))) -> 0 | C17: =IF(C16="","",IF(DAY(C16+1)=1,"",C16+1)) | D17: =TEXT(C17,"ddd") | H17: =IF(G17="","","～") | J17: =IFERROR(IF(G17="",0,I17-G17),"") -> 0 | K17: =IFERROR(IF(E17="",0,F17-E17-J17),"") -> 0 | L17: =IF(E17="",0,IF($A17=1,$K17,IF($C17="",0,IF($K17-$T$8<0,0,$K17-$T$8)))) -> 0 | V17: =IFERROR(IF(T17="",0,U17-T17-J17),"") -> 0 | W17: =IFERROR(FLOOR(K17,TIME(0,VLOOKUP($C$2,#REF!,22,0),0)),"") | X17: =IF(VLOOKUP($C$2,#REF!,24,0)="日当",IF(K17=0,"",IF(K17<T$8,VLOOKUP($C$2,#REF!,21,0)*VALUE(K17-T$8)*24+VLOOKUP($C$2,#REF!,19,0),VLOOKUP($C$2,#REF!,20,0)*VALUE(K17-T$8)*24+VLOOKUP($C$2,#REF!,19,0))),"") -> #REF!
A18: =IF(COUNTIFS(祝日参照用!A:A,C18)=1,1,IF(D18="土",1,IF(D18="日",1,0))) -> 0 | C18: =IF(C17="","",IF(DAY(C17+1)=1,"",C17+1)) | D18: =TEXT(C18,"ddd") | H18: =IF(G18="","","～") | J18: =IFERROR(IF(G18="",0,I18-G18),"") -> 0 | K18: =IFERROR(IF(E18="",0,F18-E18-J18),"") -> 0 | L18: =IF(E18="",0,IF($A18=1,$K18,IF($C18="",0,IF($K18-$T$8<0,0,$K18-$T$8)))) -> 0 | V18: =IFERROR(IF(T18="",0,U18-T18-J18),"") -> 0 | W18: =IFERROR(FLOOR(K18,TIME(0,VLOOKUP($C$2,#REF!,22,0),0)),"") | X18: =IF(VLOOKUP($C$2,#REF!,24,0)="日当",IF(K18=0,"",IF(K18<T$8,VLOOKUP($C$2,#REF!,21,0)*VALUE(K18-T$8)*24+VLOOKUP($C$2,#REF!,19,0),VLOOKUP($C$2,#REF!,20,0)*VALUE(K18-T$8)*24+VLOOKUP($C$2,#REF!,19,0))),"") -> #REF!
A19: =IF(COUNTIFS(祝日参照用!A:A,C19)=1,1,IF(D19="土",1,IF(D19="日",1,0))) -> 0 | C19: =IF(C18="","",IF(DAY(C18+1)=1,"",C18+1)) | D19: =TEXT(C19,"ddd") | H19: =IF(G19="","","～") | J19: =IFERROR(IF(G19="",0,I19-G19),"") -> 0 | K19: =IFERROR(IF(E19="",0,F19-E19-J19),"") -> 0 | L19: =IF(E19="",0,IF($A19=1,$K19,IF($C19="",0,IF($K19-$T$8<0,0,$K19-$T$8)))) -> 0 | V19: =IFERROR(IF(T19="",0,U19-T19-J19),"") -> 0 | W19: =IFERROR(FLOOR(K19,TIME(0,VLOOKUP($C$2,#REF!,22,0),0)),"") | X19: =IF(VLOOKUP($C$2,#REF!,24,0)="日当",IF(K19=0,"",IF(K19<T$8,VLOOKUP($C$2,#REF!,21,0)*VALUE(K19-T$8)*24+VLOOKUP($C$2,#REF!,19,0),VLOOKUP($C$2,#REF!,20,0)*VALUE(K19-T$8)*24+VLOOKUP($C$2,#REF!,19,0))),"") -> #REF!
A20: =IF(COUNTIFS(祝日参照用!A:A,C20)=1,1,IF(D20="土",1,IF(D20="日",1,0))) -> 0 | C20: =IF(C19="","",IF(DAY(C19+1)=1,"",C19+1)) | D20: =TEXT(C20,"ddd") | H20: =IF(G20="","","～") | J20: =IFERROR(IF(G20="",0,I20-G20),"") -> 0 | K20: =IFERROR(IF(E20="",0,F20-E20-J20),"") -> 0 | L20: =IF(E20="",0,IF($A20=1,$K20,IF($C20="",0,IF($K20-$T$8<0,0,$K20-$T$8)))) -> 0 | V20: =IFERROR(IF(T20="",0,U20-T20-J20),"") -> 0 | W20: =IFERROR(FLOOR(K20,TIME(0,VLOOKUP($C$2,#REF!,22,0),0)),"") | X20: =IF(VLOOKUP($C$2,#REF!,24,0)="日当",IF(K20=0,"",IF(K20<T$8,VLOOKUP($C$2,#REF!,21,0)*VALUE(K20-T$8)*24+VLOOKUP($C$2,#REF!,19,0),VLOOKUP($C$2,#REF!,20,0)*VALUE(K20-T$8)*24+VLOOKUP($C$2,#REF!,19,0))),"") -> #REF!
A21: =IF(COUNTIFS(祝日参照用!A:A,C21)=1,1,IF(D21="土",1,IF(D21="日",1,0))) -> 0 | C21: =IF(C20="","",IF(DAY(C20+1)=1,"",C20+1)) | D21: =TEXT(C21,"ddd") | H21: =IF(G21="","","～") | J21: =IFERROR(IF(G21="",0,I21-G21),"") -> 0 | K21: =IFERROR(IF(E21="",0,F21-E21-J21),"") -> 0 | L21: =IF(E21="",0,IF($A21=1,$K21,IF($C21="",0,IF($K21-$T$8<0,0,$K21-$T$8)))) -> 0 | V21: =IFERROR(IF(T21="",0,U21-T21-J21),"") -> 0 | W21: =IFERROR(FLOOR(K21,TIME(0,VLOOKUP($C$2,#REF!,22,0),0)),"") | X21: =IF(VLOOKUP($C$2,#REF!,24,0)="日当",IF(K21=0,"",IF(K21<T$8,VLOOKUP($C$2,#REF!,21,0)*VALUE(K21-T$8)*24+VLOOKUP($C$2,#REF!,19,0),VLOOKUP($C$2,#REF!,20,0)*VALUE(K21-T$8)*24+VLOOKUP($C$2,#REF!,19,0))),"") -> #REF!
A22: =IF(COUNTIFS(祝日参照用!A:A,C22)=1,1,IF(D22="土",1,IF(D22="日",1,0))) -> 0 | C22: =IF(C21="","",IF(DAY(C21+1)=1,"",C21+1)) | D22: =TEXT(C22,"ddd") | H22: =IF(G22="","","～") | J22: =IFERROR(IF(G22="",0,I22-G22),"") -> 0 | K22: =IFERROR(IF(E22="",0,F22-E22-J22),"") -> 0 | L22: =IF(E22="",0,IF($A22=1,$K22,IF($C22="",0,IF($K22-$T$8<0,0,$K22-$T$8)))) -> 0 | V22: =IFERROR(IF(T22="",0,U22-T22-J22),"") -> 0 | W22: =IFERROR(FLOOR(K22,TIME(0,VLOOKUP($C$2,#REF!,22,0),0)),"") | X22: =IF(VLOOKUP($C$2,#REF!,24,0)="日当",IF(K22=0,"",IF(K22<T$8,VLOOKUP($C$2,#REF!,21,0)*VALUE(K22-T$8)*24+VLOOKUP($C$2,#REF!,19,0),VLOOKUP($C$2,#REF!,20,0)*VALUE(K22-T$8)*24+VLOOKUP($C$2,#REF!,19,0))),"") -> #REF!
A23: =IF(COUNTIFS(祝日参照用!A:A,C23)=1,1,IF(D23="土",1,IF(D23="日",1,0))) -> 0 | C23: =IF(C22="","",IF(DAY(C22+1)=1,"",C22+1)) | D23: =TEXT(C23,"ddd") | H23: =IF(G23="","","～") | J23: =IFERROR(IF(G23="",0,I23-G23),"") -> 0 | K23: =IFERROR(IF(E23="",0,F23-E23-J23),"") -> 0 | L23: =IF(E23="",0,IF($A23=1,$K23,IF($C23="",0,IF($K23-$T$8<0,0,$K23-$T$8)))) -> 0 | V23: =IFERROR(IF(T23="",0,U23-T23-J23),"") -> 0 | W23: =IFERROR(FLOOR(K23,TIME(0,VLOOKUP($C$2,#REF!,22,0),0)),"") | X23: =IF(VLOOKUP($C$2,#REF!,24,0)="日当",IF(K23=0,"",IF(K23<T$8,VLOOKUP($C$2,#REF!,21,0)*VALUE(K23-T$8)*24+VLOOKUP($C$2,#REF!,19,0),VLOOKUP($C$2,#REF!,20,0)*VALUE(K23-T$8)*24+VLOOKUP($C$2,#REF!,19,0))),"") -> #REF!
A24: =IF(COUNTIFS(祝日参照用!A:A,C24)=1,1,IF(D24="土",1,IF(D24="日",1,0))) -> 0 | C24: =IF(C23="","",IF(DAY(C23+1)=1,"",C23+1)) | D24: =TEXT(C24,"ddd") | H24: =IF(G24="","","～") | J24: =IFERROR(IF(G24="",0,I24-G24),"") -> 0 | K24: =IFERROR(IF(E24="",0,F24-E24-J24),"") -> 0 | L24: =IF(E24="",0,IF($A24=1,$K24,IF($C24="",0,IF($K24-$T$8<0,0,$K24-$T$8)))) -> 0 | V24: =IFERROR(IF(T24="",0,U24-T24-J24),"") -> 0 | W24: =IFERROR(FLOOR(K24,TIME(0,VLOOKUP($C$2,#REF!,22,0),0)),"") | X24: =IF(VLOOKUP($C$2,#REF!,24,0)="日当",IF(K24=0,"",IF(K24<T$8,VLOOKUP($C$2,#REF!,21,0)*VALUE(K24-T$8)*24+VLOOKUP($C$2,#REF!,19,0),VLOOKUP($C$2,#REF!,20,0)*VALUE(K24-T$8)*24+VLOOKUP($C$2,#REF!,19,0))),"") -> #REF!
A25: =IF(COUNTIFS(祝日参照用!A:A,C25)=1,1,IF(D25="土",1,IF(D25="日",1,0))) -> 0 | C25: =IF(C24="","",IF(DAY(C24+1)=1,"",C24+1)) | D25: =TEXT(C25,"ddd") | H25: =IF(G25="","","～") | J25: =IFERROR(IF(G25="",0,I25-G25),"") -> 0 | K25: =IFERROR(IF(E25="",0,F25-E25-J25),"") -> 0 | L25: =IF(E25="",0,IF($A25=1,$K25,IF($C25="",0,IF($K25-$T$8<0,0,$K25-$T$8)))) -> 0 | V25: =IFERROR(IF(T25="",0,U25-T25-J25),"") -> 0 | W25: =IFERROR(FLOOR(K25,TIME(0,VLOOKUP($C$2,#REF!,22,0),0)),"") | X25: =IF(VLOOKUP($C$2,#REF!,24,0)="日当",IF(K25=0,"",IF(K25<T$8,VLOOKUP($C$2,#REF!,21,0)*VALUE(K25-T$8)*24+VLOOKUP($C$2,#REF!,19,0),VLOOKUP($C$2,#REF!,20,0)*VALUE(K25-T$8)*24+VLOOKUP($C$2,#REF!,19,0))),"") -> #REF!
A26: =IF(COUNTIFS(祝日参照用!A:A,C26)=1,1,IF(D26="土",1,IF(D26="日",1,0))) -> 0 | C26: =IF(C25="","",IF(DAY(C25+1)=1,"",C25+1)) | D26: =TEXT(C26,"ddd") | H26: =IF(G26="","","～") | J26: =IFERROR(IF(G26="",0,I26-G26),"") -> 0 | K26: =IFERROR(IF(E26="",0,F26-E26-J26),"") -> 0 | L26: =IF(E26="",0,IF($A26=1,$K26,IF($C26="",0,IF($K26-$T$8<0,0,$K26-$T$8)))) -> 0 | V26: =IFERROR(IF(T26="",0,U26-T26-J26),"") -> 0 | W26: =IFERROR(FLOOR(K26,TIME(0,VLOOKUP($C$2,#REF!,22,0),0)),"") | X26: =IF(VLOOKUP($C$2,#REF!,24,0)="日当",IF(K26=0,"",IF(K26<T$8,VLOOKUP($C$2,#REF!,21,0)*VALUE(K26-T$8)*24+VLOOKUP($C$2,#REF!,19,0),VLOOKUP($C$2,#REF!,20,0)*VALUE(K26-T$8)*24+VLOOKUP($C$2,#REF!,19,0))),"") -> #REF!
... A44: =IF(COUNTIFS(祝日参照用!A:A,C44)=1,1,IF(D44="土",1,IF(D44="日",1,0))) -> 0 | C44: =IF(C43="","",IF(DAY(C43+1)=1,"",C43+1)) | D44: =TEXT(C44,"ddd") | H44: =IF(G44="","","～") | J44: =IFERROR(IF(G44="",0,I44-G44),"") -> 0 | K44: =IFERROR(IF(E44="",0,F44-E44-J44),"") -> 0 | L44: =IF(E44="",0,IF($A44=1,$K44,IF($C44="",0,IF($K44-$T$8<0,0,$K44-$T$8)))) -> 0 | V44: =IFERROR(IF(T44="",0,U44-T44-J44),"") -> 0 | W44: =IFERROR(FLOOR(K44,TIME(0,VLOOKUP($C$2,#REF!,22,0),0)),"") | X44: =IF(VLOOKUP($C$2,#REF!,24,0)="日当",IF(K44=0,"",IF(K44<T$8,VLOOKUP($C$2,#REF!,21,0)*VALUE(K44-T$8)*24+VLOOKUP($C$2,#REF!,19,0),VLOOKUP($C$2,#REF!,20,0)*VALUE(K44-T$8)*24+VLOOKUP($C$2,#REF!,19,0))),"") -> #REF!
J45: =SUM(J14:J44) -> 0 | K45: =SUM(K14:K44) -> 0 | L45: =SUM(L14:L44) -> 0 | M45: =SUM(M14:M44) -> 0 | N45: =SUM(N14:N44) -> 0 | V45: =SUM(V14:V44) -> 0 | W45: =SUM(W14:W44) -> 0 | X45: =IF(Z5="日当",SUM(X14:X44),"")

Sheet 社員46
C1: SuccessHolders 勤務報告書 | M1: (西暦) | O1: =#REF! -> #REF! | Q1: 年 | R1: =#REF! -> #REF! | S1: 月分 | Y1: 勤怠サマリーへ
C2: 社員46 | Q2: 勤務日数： | S2: =COUNTA(E14:E44)&"日" -> 0日
C3: 派遣先企業名 | F3: =VLOOKUP($C$2,#REF!,4,0) -> #REF! | N3: 派遣先事業所名
C4: 派遣先住所
C5: 就業部署名 | N5: 連絡先
C6: 業務に伴う 責任の程度 | F6: (業務内容) | N6: 役職名 | R6: 部下 人数
C7: 実際の就業場所 | M7: 勤怠パターン | O7: 勤務時間 | R7: 休憩時間 | T7: 規定時間
P8: ～ | T8: =Q8-O8-R8 -> 0
